Município,Acesso e Qualidade da Mão de Obra Básica,Acesso e Qualidade da Mão de Obra Qualificada,Capital Disponível,Clientes Potenciais,Complexidade Burocrática,Condições Urbanas,Desenvolvimento Econômico,Índice de Acesso a Capital,Índice de Ambiente Regulatório,Índice de Capital Humano,Índice de Cultura,Índice de Infraestrutura,Índice de Inovação,Índice de Mercado,Iniciativa,Inputs,Instituições,Outputs,Tempo de Processos,Transporte Interurbano,Tributação,Capital Humano,Acesso a Capital,Mercado,Ambiente Regulatório,Infraestrutura,Cultura,Inovação
Mafra,-3.482384000000000,-4.18840400000000,0.200074000000000,-5.145456000000000,-4.318493000000000,-5.401926000000000,-0.19320200000000001,-2.7816869999999998,-2.7816900000000002,-2.781687000000000,-2.781689000000000,-2.781691000000000,-2.7816900000000002,-2.778441000000000,-4.30106600000000,-7.604448000000000,-5.80021000000000,-8.600429000000000,-1.444426000000000,-4.681593000000000,-3.2135050000000001,-10.452475000000000,-2.581613000000000,-8.11709800000000,-11.758114000000001,-12.865209999999999,-12.882965000000000,-18.986567999999998,,,,
Bela Vista do Toldo,-6.821144000000000,-4.368380000000000,-0.5892190000000000,-5.144743000000000,-3.001723000000000,-5.408573000000000,-0.7035080000000000,-2.7816869999999998,-2.7816900000000002,-2.781687000000000,-2.781689000000000,-2.781691000000000,-2.7816900000000002,-2.778441000000000,-7.534511000000000,-7.120304000000000,-8.894133000000000,-8.776612999999999,-6.259228000000000,-4.358758000000000,-3.2583510000000002,-13.971211000000000,-3.3709060000000002,-8.626690999999999,-15.300992000000001,-12.54902200000000,-19.210334000000000,-18.678607000000000,,,,
Canoinhas,-4.990819000000000,-4.176693000000000,1.1080650000000001,-5.167769000000000,-4.506603000000000,-5.329214000000000,-0.29026999999999997,-2.7816869999999998,-2.7816900000000002,-2.781687000000000,-2.781689000000000,-2.781691000000000,-2.7816900000000002,-2.778441000000000,-4.553679000000000,-5.709032000000000,-5.5966560000000003,-8.61644600000000,-1.4344410000000001,-3.888126000000000,5.562183000000000,-11.949199000000000,-1.673622000000000,-8.236478999999999,-3.160550000000000,-11.999031000000000,-12.932024000000000,-17.107168999999999,,,,
Irineópolis,11.021083000000,10.149644000000000,9.703659999999999,13.832196000000000,-2.155229000000000,8.720805000000000,6.6378979999999999,-2.7816869999999998,-2.7816900000000002,-2.781687000000000,-2.781689000000000,-2.781691000000000,-2.7816900000000002,-2.778441000000000,-7.534511000000000,0.9491490000000000,-8.894133000000000,-8.776612999999999,-6.259228000000000,-4.837168000000000,18.176587000000001,18.389039000000000,6.921973000000000,17.691652999999999,6.980440000000000,1.101946000000000,-19.210334000000000,-10.609154000000000,,,,
Itaiópolis,-6.700050000000000,-4.217372000000000,0.2534690000000000,-5.131356000000000,-3.001723000000000,-5.482052000000000,-0.5181920000000000,-2.7816869999999998,-2.7816900000000002,-2.781687000000000,-2.781689000000000,-2.781691000000000,-2.7816900000000002,-2.778441000000000,-7.534511000000000,-7.3742919999999996,-8.894133000000000,-8.776612999999999,-1.5692340000000000,-4.588243000000000,-3.217709000000000,-13.699109000000000,-2.528218000000000,-8.427987999999999,-10.570356000000000,-12.851986999999999,-19.210334000000000,-18.932594999999999,,,,
Major Vieira,-6.637307000000000,-4.2765599999999999,0.3418920000000000,-5.14733500000000,-4.130383000000000,-5.435920000000000,-4.104868000000000,-2.7816869999999998,-2.7816900000000002,-2.781687000000000,-2.781689000000000,-2.781691000000000,-2.7816900000000002,-2.778441000000000,-7.534511000000000,-7.669957000000000,-8.894133000000000,-8.776612999999999,-6.259228000000000,-4.771045000000000,-3.230322000000000,-13.695554000000000,-2.4397959999999999,-12.030643000000000,-16.401623000000001,-12.988656000000001,-19.210334000000000,-19.22826000000000,,,,
Monte Castelo,26.366022999999998,10.830147000000000,8.410997000000000,3.2776600000000000,-3.0957780000000001,19.44516900000000,6.976010000000000,-2.7816869999999998,-2.7816900000000002,-2.781687000000000,-2.781689000000000,-2.781691000000000,-2.7816900000000002,-2.778441000000000,-7.534511000000000,-6.464308000000000,-8.894133000000000,-8.776612999999999,-6.259228000000000,-4.833278000000000,21.16614700000000,34.41448300000000,5.62931000000000,7.475229000000000,9.029451000000000,11.83019900000000,-19.210334000000000,-18.02261100000000,,,,
Papanduva,-6.704759000000000,-4.2262290000000000,-0.37870900000000002,-5.016890000000000,-2.8136130000000001,-5.444250000000000,-0.5333350000000000,-2.7816869999999998,-2.7816900000000002,-2.781687000000000,-2.781689000000000,-2.781691000000000,-2.7816900000000002,-2.778441000000000,-4.806292000000000,-2.5531510000000002,-8.894133000000000,-8.467720000000000,-1.1165980000000000,-4.54934700000000,-3.021536000000000,-13.712675000000001,-3.160396000000000,-8.328666000000000,-9.733437000000000,-12.775288000000000,-16.48211400000000,-13.802561000000001,,,,
Porto União,-3.385398000000000,-4.169123000000000,1.2498650000000000,-5.1717409999999999,-4.130383000000000,-5.34349500000000,-0.09795800000000000,-2.7816869999999998,-2.7816900000000002,-2.781687000000000,-2.781689000000000,-2.781691000000000,-2.7816900000000002,-2.778441000000000,-4.098976000000000,-6.7487490000000001,-3.8700389999999998,-8.513482000000000,-1.3823000000000001,-3.814224000000000,-3.1881360000000001,-10.336207999999999,-1.5318220000000000,-8.04814000000000,-11.482507999999999,-11.939410000000001,-10.750704000000001,-18.043921000000001,,,,
 Três Barras,0.29890899999999998,-4.079381000000000,4.189681000000000,-4.977451000000000,-2.8136130000000001,-5.441968000000000,-0.5350360000000000,-2.7816869999999998,-2.7816900000000002,-2.781687000000000,-2.781689000000000,-2.781691000000000,-2.7816900000000002,-2.778441000000000,-7.534511000000000,-5.586056000000000,-8.894133000000000,-8.776612999999999,-6.259228000000000,-4.471556000000000,-2.9401869999999999,-6.562160000000000,1.4079940000000000,-8.290927999999999,-14.794718000000000,-12.695214999999999,-19.210334000000000,-17.144359000000001,,,,
São Paulo,0.5295720000000000,-0.42208699999999999,8.71200700000000,1.4225140000000001,4.852962000000000,3.4644599999999999,0.6491110000000000,3.3440820000000002,1.0915570000000001,0.2991570000000000,0.37890099999999999,2.3366630000000002,1.2606679999999999,0.859032000000000,0.30925000000000002,3.115176000000000,2.213632000000000,4.921921000000000,-0.6204210000000000,6.401136000000000,-0.4703530000000000,0.4066430000000000,12.056089000000000,2.9306570000000001,4.853745000000000,12.202258000000000,2.9017830000000000,9.297764000000001,,,,
Rio de Janeiro,0.4910510000000000,0.597612000000000,1.3256600000000001,1.3772500000000001,2.465220000000000,0.9596479999999999,-0.5198510000000000,0.9823690000000000,1.4456199999999999,0.40911100000000000,0.38470900000000002,0.13891200000000001,0.9368180000000000,0.5781070000000000,0.5221970000000000,4.794422000000000,2.144453000000000,3.2091319999999999,1.8124800000000001,0.8736250000000000,-0.8501550000000000,1.4977730000000000,2.3080300000000000,1.4355059999999999,4.873165000000000,1.9721850000000001,3.0513590000000002,8.94037200000000,,,,
Brasília,-0.07638900000000000,1.3049050000000000,-0.04364900000000000,2.6242529999999999,-2.179555000000000,-0.49417699999999998,-0.8303370000000000,0.5920280000000000,0.3359940000000000,0.4252120000000000,1.2858430000000001,1.2302470000000001,0.46393499999999999,1.5089260000000000,4.196303000000000,2.4559340000000001,8.622904000000000,0.7215040000000000,-0.6677600000000000,8.170140000000000,0.17097899999999999,1.653728000000000,0.5483800000000000,3.302842000000000,-2.340342000000000,8.906209000000000,14.105048999999999,3.641373000000000,,,,
Salvador,-0.038262999999999998,0.24142900000000000,-0.1764110000000000,1.391075000000000,1.4226319999999999,0.665576000000000,-1.503360000000000,0.3059860000000000,0.37109999999999999,0.18691099999999999,0.38888699999999998,0.6312580000000000,0.30603599999999997,-0.05443300000000000,1.4025470000000000,1.559251000000000,1.2383820000000001,0.47259499999999999,4.043903000000000,0.9757730000000000,-0.5370210000000000,0.39007599999999998,0.1295740000000000,-0.16671800000000001,5.300614000000000,2.272608000000000,3.0298170000000000,2.3378820000000000,,,,
Fortaleza,-0.8716540000000000,0.4468710000000000,-0.4485720000000000,-0.31142599999999998,1.166683000000000,1.3905590000000001,-1.2066129999999999,0.2652750000000000,0.5602830000000000,-0.2670690000000000,0.5041400000000000,0.45924500000000001,0.45562999999999998,-0.18207000000000001,2.095226000000000,2.5283579999999999,1.9308250000000000,1.0630809999999999,0.6853500000000000,1.8945449999999999,-0.528945000000000,-0.6918520000000000,-0.18329699999999999,-1.7001090000000001,1.8833709999999999,3.7443499999999998,4.530192000000000,4.047068000000000,,,,
Belo Horizonte,0.6479860000000000,2.235426000000000,4.23822000000000,1.1912229999999999,3.1103399999999999,1.363276000000000,-0.4902460000000000,1.7487850000000000,0.08271299999999999,0.8473460000000000,0.1609800000000000,0.31296299999999999,0.9256600000000000,0.40410600000000002,-0.06832900000000000,4.319963000000000,0.24540799999999999,3.5091180000000000,-0.014815999999999999,2.6791109999999998,-0.7880140000000000,3.7307579999999998,5.987004000000000,1.1050840000000000,2.3902230000000002,4.355350000000000,0.3380590000000000,8.754740999999999,,,,
Manaus,-0.7825890000000000,-1.3945930000000000,-0.6105910000000000,0.7701170000000001,0.219529000000000,-0.46135599999999999,1.2543150000000001,0.06029700000000000,0.49017400000000000,-0.4623160000000000,0.8064370000000000,-0.37860500000000002,0.4692850000000000,0.6655400000000000,3.512801000000000,1.5430480000000000,3.8491540000000000,1.8176019999999999,-1.0134010000000000,-1.0975010000000001,-0.1685720000000000,-2.639498000000000,-0.5502939999999999,2.6899720000000,-0.4722710000000000,-1.937462000000000,8.168392000000001,3.8299349999999999,,,,
Curitiba,0.41910700000000001,0.45339800000000002,5.952606000000000,1.644654000000000,3.0318879999999999,0.6995270000000000,0.41144700000000001,1.938325000000000,0.5981910000000000,0.5672650000000000,0.5023060000000000,0.8152960000000000,1.0808590000000000,0.7522100000000000,2.0496580000000000,5.480585000000000,1.7719590000000001,4.450357000000000,-1.4594659999999999,1.5723460000000000,-0.3841800000000000,1.439769000000000,7.890931000000000,2.8083109999999998,1.7864329999999999,3.0871689999999998,4.323922000000000,11.011801000000000,,,,
Recife,0.9469919999999999,0.5351200000000000,-0.003487000000000000,0.46533500000000000,2.469601000000000,3.269891000000000,-1.243191000000000,0.45634400000000003,-0.23813000000000001,0.8502000000000000,0.3480750000000000,0.6718670000000000,0.8216670000000000,-0.011429000000000000,1.2707590000000000,4.339004000000000,0.8940950000000000,2.842095000000000,0.33752399999999999,3.2234219999999998,-0.8083050000000001,2.3323109999999998,0.45285700000000001,-0.7892850000000000,1.7606889999999999,7.165180000000000,2.5129290000000002,8.002765999999999,,,,
Goiânia,0.12961900000000001,0.21454000000000001,-0.27504699999999999,-0.20988399999999999,2.1577760000000001,0.12132300000000000,-0.7188930000000000,0.45787299999999997,1.5522110000000000,0.27434399999999998,0.657760000000000,0.5223740000000000,0.25839600000000001,0.03992200000000000,2.538161000000000,0.3009450000000000,3.0010400000000002,0.8665480000000000,0.2915090000000000,5.2600259999999999,-0.7201000000000000,0.6185030000000000,0.1828260000000000,-0.888856000000000,3.281396000000000,5.903723000000000,6.196961000000000,1.4258890000000000,,,,
Belém,-0.17252400000000001,-0.14631000000000000,-0.5044840000000000,3.035172000000000,1.5531150000000000,-0.6854860000000000,-0.4776440000000000,0.253811000000000,-0.7853510000000000,0.13519500000000001,0.8194810000000000,-0.3764650000000000,0.41858800000000002,0.42909500000000000,3.984343000000000,3.3478569999999999,3.3756510000000000,0.30636600000000003,1.1897089999999999,-2.0213950000000001,-1.6373230000000001,-0.18364000000000000,-0.2506730000000000,2.986622000000000,0.3201510000000000,-3.0833460000000001,8.179474000000001,4.072811000000000,,,,
Porto Alegre,0.642479000000000,2.91763700000000,1.4969809999999999,1.2537050000000001,0.4105710000000000,0.3703800000000000,-0.19855000000000000,1.6596190000000000,-0.0771230000000000,1.000609000000000,0.4293430000000000,1.0434070000000000,0.9770190000000000,0.6070650000000000,0.9090220000000000,4.829888000000000,2.354813000000000,3.7477170000000002,0.7286319999999999,0.6658860000000000,-0.6195480000000000,4.560726000000000,3.156601000000000,1.6622200000000000,0.4425330000000000,2.079673000000000,3.693178000000000,9.554624000000000,,,,
Guarulhos,0.08427400000000000,-1.3931140000000000,-0.5442939999999999,-0.7623950000000000,-0.617871000000000,0.033077000000000002,2.3086180000000001,0.0876580000000000,-0.19843900000000000,-0.06285499999999999,-1.0428580000000001,1.0677620000000001,0.32167800000000002,0.5542899999999999,-5.747277000000000,1.843212000000000,-7.044481000000000,0.5955700000000000,0.7098500000000000,4.334498000000000,-0.3388730000000000,-1.3716950000000001,-0.45663700000000002,2.100513000000000,-0.44533200000000001,5.435336000000000,-13.83461600000000,2.7604600000000001,,,,
Campinas,0.7600840000000000,1.819117000000000,-0.02116200000000000,0.31028400000000000,4.977020000000000,-0.39151799999999998,0.6116210000000000,0.5326190000000000,0.09320900000000000,0.8481610000000001,0.13193800000000000,0.9667240000000000,1.2906270000000000,0.5986170000000000,-1.5417209999999999,6.913273000000000,1.464769000000000,5.265485000000000,1.7371980000000000,4.507361000000000,-0.5664750000000000,3.42736200000000,0.5114560000000000,1.5205210000000000,6.240952000000000,5.082567000000000,0.05498600000000000,13.469385000000001,,,,
São Luís,-0.0052969999999999996,-0.43441700000000000,-0.6021120000000000,1.2652230000000000,2.4618329999999999,1.0211290000000000,-1.0709700000000000,0.1390170000000000,0.2426500000000000,0.25635799999999997,0.8645220000000000,0.03823100000000000,0.19801800000000000,0.20908700000000000,4.597614000000000,0.7255480000000000,3.3769749999999998,0.44071399999999999,0.04965700000000000,-1.2491620000000001,-0.4301620000000000,-0.1833560000000000,-0.46309499999999998,0.4033410000000000,2.323977000000000,-0.18980100000000000,8.839111000000001,1.3642799999999999,,,,
São Gonçalo,-0.8539470000000000,-1.7188220000000001,-0.7033560000000000,0.5748799999999999,-2.7582659999999999,-0.48189300000000002,-1.2101530000000000,-0.02219400000000000,0.9848130000000000,-0.47729600000000000,0.1844690000000000,0.032779000000000003,-0.3885380000000000,-0.14227300000000001,0.6130310000000000,-2.8454240000000000,-0.34033400000000003,-2.389620000000000,0.7494350000000000,1.521798000000000,0.5674950000000000,-3.0500650000000000,-0.7255500000000000,-0.7775460000000000,-0.4565230000000000,1.0726840000000000,0.45716499999999999,-5.623582000000000,,,,
Maceió,-0.38859600000000000,-0.4246890000000000,-0.5543400000000001,-0.7049640000000000,0.6674380000000000,0.9614170000000000,-1.6499760000000001,0.18650400000000000,-0.13225200000000001,0.010770999999999999,0.9946530000000000,-0.2134700000000000,0.10982100000000000,-0.5130230000000000,4.529901000000000,-1.2668500000000000,4.828408000000000,1.1058570000000001,-0.8360720000000000,-1.0706220000000000,-0.68094500000000,-0.8025139999999999,-0.36783600000000000,-2.867963000000000,-0.9818320000000000,-0.32267499999999999,10.352962000000000,-0.05117200000000000,,,,
Duque de Caxias,-0.37527600000000000,-1.4231560000000001,-0.6528140000000000,0.8295650000000000,-3.7914420000000000,-0.7158120000000000,-0.7325960000000000,0.001753000000000000,0.1377920000000000,-0.27868599999999999,0.277303000000000,0.40661199999999997,0.026515000000000000,0.38731199999999999,0.6699130000000000,-1.3109630000000001,0.7456010000000000,0.23314299999999999,0.49531300000000000,3.307021000000000,0.24396799999999999,-2.0771180000000000,-0.6510610000000000,0.4842810000000000,-2.914370000000000,2.9978210000000001,1.6928170000000000,-1.051306000000000,,,,
Campo Grande,0.13173499999999999,-0.45258999999999999,-0.5417910000000000,1.1533760000000000,1.2504210000000000,-1.1692849999999999,-0.716622000000000,0.2302710000000000,-0.2919350000000000,0.3665150000000000,0.4926250000000000,0.027734999999999999,0.1359080000000000,0.43260599999999999,1.9049550000000000,-1.2614410000000000,1.8788530000000001,1.2568699999999999,-0.9853590000000000,2.110588000000000,-1.0783400000000001,0.045659999999999999,-0.3115200000000000,0.8693610000000001,-1.1052139999999999,0.9690380000000000,4.2764329999999999,0.13133700000000001,,,,
Natal,0.08699600000000000,1.1595599999999999,-0.5584990000000000,1.939257000000000,-1.8625330000000000,0.007820000000000001,-1.1163559999999999,0.1908860000000000,-0.5072060000000000,0.5886650000000000,0.7994059999999999,0.4639840000000000,0.2764840000000000,0.24751100000000001,2.9323950000000001,0.08204699999999999,4.462557000000000,1.003508000000000,-0.630660000000000,-0.8749910000000000,-0.9297960000000000,1.8352200000000001,-0.36761300000000002,1.0704119999999999,-3.9301949999999999,-0.4031870000000000,8.194357999999999,1.3620380000000001,,,,
Teresina,0.789427000000000,0.3190580000000000,-0.59149400000000,0.3413060000000000,0.5246700000000000,0.8378460000000000,-1.5062050000000000,0.18120500000000000,-0.07809099999999999,0.8686440000000000,0.7708730000000000,-0.10861200000000000,-0.09964199999999999,-0.048579999999999998,3.373789000000000,-1.3980210000000000,3.6913779999999998,-0.8380410000000000,2.4427910000000002,0.40433300000000000,-0.7172050000000000,1.9771289999999999,-0.4102890000000000,-1.2134799999999999,2.1721650000000001,1.1335670000000000,7.836039000000000,-2.3357039999999998,,,,
São Bernardo do Campo,0.9705490000000000,1.2394440000000000,-0.34327500000000000,1.2253950000000000,1.1714279999999999,0.5356010000000000,1.8765190000000000,0.2986490000000000,0.40798899999999999,0.7718360000000000,0.3101670000000000,0.9478720000000000,0.5965630000000000,1.1811290000000001,0.4570920000000000,1.793127000000000,1.1859139999999999,2.874925000000000,-0.0698640000000000,2.4485570000000001,-0.032650999999999999,2.9818289999999998,-0.044625999999999999,4.283043000000000,1.4769019999999999,3.9320300000000001,1.9531730000000000,5.2646139999999999,,,,
João Pessoa,0.0452270000000000,0.6970690000000000,-0.5456770000000000,0.4736300000000000,3.7623899999999999,1.6885710000000000,-1.3941859999999999,0.21931700000000001,-0.05878000000000000,0.5347070000000000,0.6914900000000000,0.007049000000000000,0.42567100000000002,-0.13642000000000001,3.8629169999999999,-0.287628000000000,1.8733970000000000,3.532288000000000,1.833172000000000,-1.9407289999999999,-0.5964469999999999,1.2770030000000001,-0.3263610000000000,-1.0569759999999999,4.940335000000000,-0.24510999999999999,6.427805000000000,3.6703310000000000,,,,
Nova Iguaçu,-0.2668810000000000,-0.68766200000000,-0.6774590000000000,-0.18287100000000001,-0.4759630000000000,-0.23844699999999999,-1.6622440000000001,-0.0001830000000000000,0.6939800000000000,0.14818700000000001,0.3232620000000000,0.12199599999999999,-0.29667199999999999,-0.2732690000000000,0.8261350000000000,-2.7050730000000001,1.0377970000000001,-1.713144000000000,0.0967660000000000,2.312460000000000,0.4644060000000000,-0.8063560000000000,-0.6776420000000000,-2.118384000000000,0.7791900000000000,2.196009000000000,2.187194000000000,-4.714889000000000,,,,
São José dos Campos,1.0074989999999999,0.9120050000000000,-0.38318700000000000,0.3989880000000000,1.2520519999999999,-0.058726000000000000,0.5912269999999999,0.16209799999999999,0.4817160000000000,0.8256920000000000,0.3335540000000000,0.4564940000000000,1.1474530000000001,0.6028410000000000,0.7475060000000000,6.84404400000000,1.128373000000000,3.91162300000000,-0.6589720000000000,-0.12981300000000001,0.045719999999999997,2.7451949999999998,-0.22108900000000001,1.5930550000000001,1.120516000000000,0.26795500000000000,2.2094330000000002,11.903119999999999,,,,
Santo André,0.8860530000000000,0.4911950000000000,-0.37077399999999999,1.3528190000000000,1.5027370000000000,1.616069000000000,0.5242640000000000,0.22084500000000001,0.4930270000000000,0.8580460000000000,0.3593350000000000,0.6493460000000000,0.556922000000000,0.7170940000000000,0.2255680000000000,2.9534110000000000,2.0772330000000001,1.8472530000000000,-0.5632520000000000,-0.022030999999999999,-0.4105670000000000,2.235294000000000,-0.14992900000000001,2.594177000000000,1.0219450000000001,2.2433850000000000,2.6621370000000000,5.357586000000000,,,,
Ribeirão Preto,0.5665870000000000,-0.2589330000000000,-0.15978700000000001,-0.306276000000000,2.2457180000000001,-0.18129300000000001,0.057272999999999998,0.5132060000000001,0.3371150000000000,0.5620170000000000,0.26385199999999998,0.3572910000000000,0.6249430000000000,0.29255100000000001,-0.024641000000000000,2.96923300000000,1.2606260000000000,2.262944000000000,0.12184100000000000,0.962407000000000,-0.19819000000000001,0.8696710000000000,0.35341899999999998,0.04354900000000000,2.5064839999999999,1.1384049999999999,1.4998370000000001,5.857119000000000,,,,
Jaboatão dos Guararapes,-0.9950440000000000,-2.145974000000000,-0.7244640000000000,-0.8218400000000000,0.40936600000000001,0.5172909999999999,-1.190389000000000,-0.044613000000000000,0.35545700000000002,-0.7522310000000000,0.28041100000000002,0.16933000000000001,-0.36499900000000002,-0.45826299999999998,2.166044000000000,-2.6348280000000002,-1.0837230000000000,-2.2698930000000002,1.8079050000000001,2.702121000000000,-0.5284920000000000,-3.89324900000000,-0.7690770000000000,-2.470492000000000,2.044236000000000,3.388741000000000,1.3627330000000000,-5.269719000000000,,,,
Uberlândia,0.08923499999999999,2.226664000000000,-0.4226100000000000,-3.481695000000000,0.5042850000000000,0.23556600000000000,-0.6436500000000001,0.26206499999999999,0.46587000000000001,0.589684000000000,0.037779000000000000,0.48772700000000002,0.5823980000000000,-0.6304820000000000,-0.34702699999999997,3.364229000000000,-0.8699810000000000,1.6233510000000000,-0.06570600000000000,0.9417630000000000,-0.02114000000000000,2.905583000000000,-0.16054499999999999,-4.755827000000000,0.8833090000000000,1.6650570000000000,-1.1792279999999999,5.569978000000000,,,,
Osasco,0.5183880000000000,-0.45891599999999999,-0.030651999999999999,1.4218070000000000,6.0829290000000000,1.2717710000000000,0.46173199999999998,2.455077000000000,0.39667700000000000,0.34863100000000002,0.06687200000000000,0.3792000000000000,0.5008750000000000,1.200418000000000,-0.06283700000000000,1.2448690000000000,-1.1511950000000000,1.0158870000000000,0.16811899999999999,0.010453000000000000,-0.17717100000000000,0.4081030000000000,2.4244249999999998,3.083956000000000,6.470554000000000,1.6614240000000000,-1.147159000000000,2.7616320000000001,,,,
Sorocaba,0.863066000000000,0.3721290000000000,-0.37573200000000001,0.27328900000000000,-0.2899160000000000,-0.3692300000000000,1.7360590000000000,0.20117800000000000,-0.10499300000000000,0.6712570000000000,0.27679300000000001,0.9231610000000000,0.8025610000000000,0.8033560000000000,0.2961710000000000,4.8726529999999997,0.9956060000000000,1.8415140000000001,1.4353680000000000,2.980687000000000,-0.2862250000000000,1.9064520000000000,-0.17455399999999999,2.8127040000000001,0.7542340000000000,3.5346169999999999,1.5685709999999999,7.516728000000000,,,,
Contagem,-0.0867580000000000,-0.4578440000000000,-0.5365290000000000,0.43553399999999998,2.9499300000000002,0.22657300000000000,-0.17692099999999999,0.08939000000000000,0.7263350000000000,-0.039976999999999999,0.17667300000000000,-0.2363480000000000,-0.005279000000000000,0.21346399999999999,0.42533100000000001,-1.2258810000000000,-0.2151080000000000,0.1299610000000000,0.8015800000000000,0.21694900000000000,-0.09081000000000000,-0.5845790000000000,-0.44713900000000001,0.47207700000000002,4.387034000000000,0.20717400000000000,0.38689600000000002,-1.1011990000000000,,,,
Aracaju,-0.14387700000000000,-0.8633160000000000,-0.4104400000000000,1.74692300000000,-2.206053000000000,1.268104000000000,-1.5525549999999999,0.34481099999999998,0.4732070000000000,0.16617299999999999,0.8648790000000000,-0.43368400000000001,0.04246300000000000,0.07351000000000001,3.50315500000000,-2.7113369999999999,4.548366000000000,1.6050990000000001,-0.2934250000000000,-1.49466000000000,-0.6153290000000000,-0.84102000000000,-0.06562900000000001,0.2678790000000000,-2.6415999999999999,-0.6602400000000000,8.916399999999999,-1.0637749999999999,,,,
Feira de Santana,-0.2794860000000000,1.039315000000000,-0.6411289999999999,-0.7619540000000000,0.25851099999999999,0.934277000000000,-1.5912280000000001,0.09443400000000000,0.2479490000000000,0.31276100000000001,0.35413800000000001,-0.26732600000000001,-0.09796000000000001,-0.5253900000000000,1.913245000000000,-1.335376000000000,0.32887400000000000,-0.9790290000000000,2.369471000000000,0.08896400000000000,-0.24204400000000001,1.0725890000000000,-0.5466950000000000,-2.878571000000000,2.6338870000000001,0.7559150000000000,2.596258000000000,-2.412365000000000,,,,
Cuiabá,0.08445500000000000,0.253332000000000,-0.34178300000000000,0.0033490000000000000,0.9959690000000000,-1.067538000000000,-1.1941240000000000,0.4122710000000000,-0.08868900000000000,0.5153960000000000,0.6553140000000000,0.000782000000000000,0.3180600000000000,0.08669200000000001,2.4614590000000001,-0.10930800000000000,3.2487800000000000,0.7718480000000000,-0.6471140000000000,3.3845480000000001,-1.5797610000000000,0.8531830000000000,0.07048800000000000,-1.1040840000000001,-1.3195939999999999,2.317792000000000,6.365553000000000,0.9806009999999999,,,,
Joinville,0.8682540000000000,1.5168459999999999,-0.3700770000000000,1.478942000000000,1.2003919999999999,0.07331600000000001,1.9011870000000000,0.21371200000000001,1.5097680000000000,0.8297680000000000,0.41925499999999999,0.42042000000000002,1.2155750000000001,1.167847000000000,2.0861550000000002,4.824032000000000,0.5744100000000000,5.181192000000000,2.2194150000000001,-2.1803480000000000,-0.27749099999999999,3.2148669999999999,-0.15636500000000000,4.547975000000000,4.652084000000000,-1.6866110000000001,3.079820000000000,11.220800000000001,,,,
Aparecida de Goiânia,-0.9872850000000000,-0.8801750000000000,-0.7351520000000000,-0.6360690000000000,-0.2634180000000000,-0.1816720000000000,-0.6509760000000000,-0.03605300000000000,1.1059250000000000,-0.5045550000000000,0.5380740000000001,-0.22264200000000001,0.03594100000000000,-0.1839530000000000,3.360601000000000,-0.778803000000000,0.552364000000000,-0.12393300000000000,0.29265799999999997,1.2323109999999999,-0.2157060000000000,-2.3720150000000002,-0.7712050000000000,-1.470999000000000,0.9194590000000000,0.8279970000000000,4.451039000000000,-0.866796000000000,,,,
Londrina,0.25152600000000003,-0.4108510000000000,0.023977999999999999,-0.3804930000000000,2.6017160000000001,0.059519000000000002,-0.40511300000000000,0.4012140000000000,0.8885650000000000,0.4161930000000000,0.3121030000000000,0.421286000000000,0.5894290000000000,0.05030400000000000,1.3963699999999999,2.6081180000000002,0.2943560000000000,2.4566880000000002,-0.5876209999999999,0.3447950000000000,-0.41135100000000002,0.25686799999999999,0.42519299999999999,-0.7353020000000000,2.491308000000000,0.8256000000000000,2.0028290000000002,5.6542360000000000,,,,
Juiz de Fora,0.020830999999999999,2.9252650000000000,-0.47314499999999998,0.5246110000000000,0.03869700000000000,-0.5247050000000000,-0.6876780000000000,0.20724100000000001,-0.458751000000000,0.7188970000000000,0.07604300000000000,0.5747020000000000,0.2755670000000000,0.2672060000000000,-0.05800300000000000,1.7212240000000001,-0.8040730000000000,0.12573599999999999,1.7512060000000000,0.5751780000000000,-0.48609000000000002,3.664993000000000,-0.2659040000000000,0.10414000000000000,0.845064000000000,0.6251750000000000,-0.7860330000000000,2.1225269999999998,,,,
Porto Velho,-0.9044060000000000,-0.5864720000000000,-0.5966210000000000,1.3521479999999999,0.6869910000000000,0.07811300000000000,-0.622189000000000,0.12699199999999999,0.12984299999999999,-0.20628400000000000,0.8770559999999999,0.05667600000000000,0.40911100000000000,0.31738600000000000,4.389996000000000,3.2134030000000000,3.7149709999999998,0.07776200000000000,-0.30798500000000001,-2.100730000000000,-0.45251200000000003,-1.6971620000000001,-0.4696290000000000,1.047345000000000,0.05633700000000000,-1.9659409999999999,8.982023999999999,3.700276000000000,,,,
Ananindeua,-0.6682390000000000,-1.5604430000000000,-0.7367190000000000,-0.8737720000000000,-4.417455000000000,-0.22249900000000000,-0.3721630000000000,-0.00930400000000000,-0.13296600000000000,-0.3030410000000000,0.9481849999999999,-0.48967899999999998,-0.32342199999999999,-0.1826300000000000,5.26928500000000,-2.5625480000000000,3.305788000000000,-1.9534760000000000,0.7244380000000000,-1.9628350000000001,0.25916499999999998,-2.5317229999999999,-0.7460230000000000,-1.4285650000000001,-3.5668169999999999,-2.6750140000000000,9.52325800000000,-4.83944500000000,,,,
Serra,-0.5102200000000000,1.705927000000000,-0.686019000000000,0.16131899999999999,-0.522154000000000,0.1790820000000000,1.1799519999999999,-0.022041000000000002,0.5168210000000000,0.05698400000000000,0.6022230000000000,0.13310300000000000,0.08403900000000000,0.6527660000000000,2.4840300000000002,0.25699300000000003,2.403288000000000,-0.6583760000000000,-1.184153000000000,-1.1009890000000000,0.04555500000000000,1.2526919999999999,-0.7080610000000001,1.9940380000000000,-1.1439319999999999,-0.7888039999999999,5.489541000000000,-0.317344000000000,,,,
Caxias do Sul,0.15256300000000000,0.7803130000000000,-0.4222260000000000,-0.5604320000000000,-0.7820630000000000,-0.6096350000000000,3.396753000000000,0.21340600000000001,0.12653100000000000,0.27887800000000001,0.5001150000000000,0.15791700000000000,1.22729400000000,0.9017820000000000,2.3521250000000000,2.1318250000000001,1.3262290000000001,9.24605900000000,0.9752620000000000,-2.0964830000000001,-0.026459000000000000,1.2117540000000000,-0.20882000000000001,3.7381030000000002,0.29327199999999998,-2.5482010000000002,4.178469000000000,12.605178000000000,,,,
Macapá,-1.1438990000000000,-0.4924560000000000,-0.7051390000000000,-0.1867000000000000,-0.012470000000000000,0.48664800000000003,-0.8937740000000000,0.06253800000000000,1.0449360000000001,-0.043289000000000001,1.5732109999999999,-0.12700500000000001,-0.2944810000000000,-0.013972999999999999,6.594991000000000,-3.6511650000000002,9.629123999999999,-0.6549610000000000,0.1337880000000000,-2.0581079999999998,0.9189550000000000,-1.6796430000000000,-0.6425999999999999,-1.0944480000000001,2.0852089999999999,-1.6984649999999999,17.797326000000002,-4.600608000000,,,,
Niterói,0.6113610000000000,1.6616979999999999,-0.20523800000000000,0.7149600000000000,0.9227649999999999,0.8402970000000000,1.1628609999999999,0.3056290000000000,1.0978749999999999,0.8950880000000000,0.4213440000000000,0.868031000000000,0.31637900000000002,2.0148969999999999,1.3503660000000000,1.2157910000000001,1.5495779999999999,0.7976730000000000,-0.11965900000000000,1.9560919999999999,0.5495880000000000,3.168147000000000,0.10039099999999999,3.892718000000000,2.450568000000000,3.6644199999999998,3.321288000000000,2.3298440000000000,,,,
Florianópolis,1.4238850000000001,4.978054000000000,1.5414829999999999,1.6916199999999999,2.3703159999999999,1.5723460000000000,0.007423000000000000,0.8561110000000000,1.2219420000000001,1.8607240000000000,0.5850010000000000,0.8490770000000000,1.4648820000000000,0.717399000000000,3.0248490000000001,7.880501000000000,1.4378249999999999,5.391147000000000,-0.5066060000000000,0.2946430000000000,-0.6490060000000000,8.262663999999999,2.397594000000000,2.4164420000000000,2.4366469999999998,2.716066000000000,5.047675000000000,14.736530000000000,,,,
Belford Roxo,-1.8034310000000000,-2.1507040000000002,-0.7551720000000000,-0.11174600000000000,-2.3129080000000002,-1.2104360000000001,-1.675748000000000,-0.07798600000000000,0.2713360000000000,-1.0758250000000000,0.11649900000000001,0.30567699999999998,-0.46848200000000001,-0.16461400000000001,-0.523622000000000,-3.450739000000000,0.13740900000000000,-2.6226669999999999,0.5777130000000000,1.3378319999999999,0.9726170000000000,-5.029959000000000,-0.8331580000000000,-1.9521080000000000,-0.49124099999999998,0.4330730000000000,-0.26971400000000001,-6.541887000000000,,,,
Campos dos Goytacazes,-0.20741799999999999,0.6390100000000000,-0.5863290000000000,0.1889450000000000,-2.9575730000000000,-0.5552540000000000,-0.4063440000000000,0.04215800000000000,0.38612999999999997,0.3780300000000000,-1.0428580000000001,-0.2413920000000000,-0.031621000000000003,0.8117030000000000,-5.747277000000000,-1.024756000000000,-7.044481000000000,-0.3940510000000000,-0.22216300000000000,1.0347890000000000,0.622237000000000,0.8096220000000000,-0.5441720000000000,0.5943030000000000,-2.171369000000000,0.2381430000000000,-13.83461600000000,-1.4504280000000001,,,,
Vila Velha,0.020462999999999999,3.772608000000000,-0.5940040000000000,-0.2200150000000000,0.017052000000000001,0.8735020000000000,-0.21503600000000000,0.08536500000000000,0.16097500000000001,0.962650000000000,0.8450080000000000,0.29772799999999999,0.038335000000000001,0.06150000000000000,3.4342130000000002,-1.0372630000000000,4.22290700000000,-0.0298860000000000,-1.2475750000000001,-0.13962900000000000,-0.5667340000000000,4.755721000000000,-0.5086400000000000,-0.37355100000000002,-1.6362820000000000,1.0316019999999999,8.502128000000001,-1.0288130000000000,,,,
Mauá,-0.14321100000000000,-0.6710110000000000,-0.6360470000000000,-0.6120650000000000,0.7660979999999999,-0.05748600000000000,1.9263189999999999,0.030030999999999999,0.4289300000000000,-0.0903690000000000,-0.33488299999999999,0.22573399999999999,0.24739000000000000,0.4148450000000000,-3.291158000000000,-0.37831199999999998,-1.5711500000000000,1.8999999999999999,-0.34318199999999999,-1.0240659999999999,-0.03330900000000000,-0.9045900000000000,-0.6060150000000000,1.7290989999999999,0.8185370000000000,-0.8558180000000000,-5.197191000000000,1.7690790000000001,,,,
São João de Meriti,-0.6350020000000000,-1.7569380000000001,-0.696042000000000,-0.2532660000000000,-3.030525000000000,-0.8445960000000000,-1.7344610000000000,-0.023009999999999999,-0.35180299999999998,-0.2811830000000000,0.1933850000000000,0.07298000000000000,-0.4214020000000000,-0.32767299999999999,-0.18634300000000001,-3.2553450000000002,0.6232490000000001,-2.2603040000000001,0.09721600000000,0.8736250000000000,-0.2367080000000000,-2.6731229999999999,-0.7190520000000000,-2.315400000000000,-3.5218210000000001,0.10200900000000000,0.6302920000000000,-5.937051000000000,,,,
São José do Rio Preto,0.8751330000000000,0.14981000000000000,-0.22266100000000000,-0.44700099999999998,3.635587000000000,-0.40091199999999999,-0.22183600000000001,0.39876899999999998,0.30149999999999999,0.8197300000000000,-1.0428580000000001,0.15970000000000001,0.8153490000000000,0.177076000000000,-5.747277000000000,3.6438419999999998,-7.044481000000000,3.375071000000000,-0.8844670000000000,0.419237000000000,-0.07442000000000000,1.8446730000000000,0.1761080000000000,-0.49176100000000000,2.9782000000000002,0.1780250000000000,-13.83461600000000,7.834262000000000,,,,
Mogi das Cruzes,0.5314610000000000,0.1405350000000000,-0.5067300000000000,0.1490090000000000,2.001687000000000,-0.49828400000000000,0.1838790000000000,0.13050800000000001,0.6219350000000000,0.63498000000000,0.21142200000000000,0.8899910000000000,0.12984499999999999,0.31881100000000001,1.0733250000000001,0.054768999999999998,-0.9044350000000000,-0.02232600000000000,0.4531550000000000,2.819066000000000,-0.2472140000000000,1.3069759999999999,-0.376222000000000,0.6516999999999999,2.829563000000000,3.210773000000000,0.3803130000000000,0.16228799999999999,,,,
Betim,-0.17785300000000001,-0.4822350000000000,-0.5748400000000000,0.759001000000000,-3.0386099999999998,-0.6113720000000000,-0.13466100000000000,0.044042999999999999,0.4770280000000000,-0.22788700000000001,0.03018700000000000,0.018921000000000000,0.17926800000000001,0.5688960000000000,0.05194100000000000,0.08798300000000001,-1.5016790000000000,0.8279400000000000,0.3403870000000000,1.1834190000000000,0.673316000000000,-0.8879760000000000,-0.5307970000000000,1.193236000000000,-1.5478790000000000,0.5909670000000000,-1.4195510000000000,1.0951919999999999,,,,
Boa Vista,-0.6875869999999999,-0.7122849999999999,-0.6654500000000000,1.0124370000000000,0.23867099999999999,-0.1675120000000000,4.201710000000000,0.09265100000000000,0.6082800000000000,0.03482000000000000,1.629207000000000,-0.2829680000000000,-0.2955510000000000,1.1650469999999999,4.588671000000000,-2.7972999999999999,12.805476000000001,-1.5425070000000001,-0.4426710000000000,0.2249940000000000,-0.11562900000000000,-1.3650530000000001,-0.5727989999999999,6.379194000000000,0.28865000000000002,-0.2254870000000000,19.02335400000000,-4.635359000000000,,,,
Maringá,-0.1007640000000000,0.6721380000000000,-0.38217899999999999,-1.1378680000000001,2.4693329999999998,-0.22395899999999999,0.08841000000000000,0.32463399999999998,0.7097760000000000,0.4145630000000000,0.4759640000000000,0.5569200000000000,0.7606780000000000,0.11519100000000000,2.1533250000000002,2.8443930000000002,1.2736339999999999,3.641018000000000,-1.7239400000000000,0.13153599999999999,-0.3436950000000000,0.9859360000000000,-0.05754500000000000,-0.9342670000000000,1.1114740000000001,0.46449600000000002,3.9029229999999999,7.246089000000000,,,,
Santos,0.9264360000000000,-0.634562000000000,-0.035270999999999997,0.288263000000000,3.0552419999999998,2.9828079999999999,0.31788300000000003,0.49211199999999999,0.22512299999999999,0.7545120000000000,0.06621000000000000,1.1769000000000001,-0.22263900000000000,0.5768350000000000,-0.33633800000000003,-1.742068000000000,-0.816004000000000,-1.8951220000000000,-0.5450300000000000,0.33097399999999999,-0.6131280000000000,1.046386000000000,0.4568410000000000,1.1829810000000001,2.122207000000000,4.490682000000000,-1.0861320000000001,-3.8598290000000000,,,,
Diadema,0.09001600000000000,0.1486920000000000,-0.5181090000000000,-1.2320720000000001,0.8958140000000000,0.10899100000000000,5.06349100000000,0.09927500000000000,0.18706200000000001,0.07756800000000000,0.32361800000000002,0.21452399999999999,0.8100000000000001,0.7235060000000000,-0.41717599999999999,2.1479050000000002,2.469058000000000,5.452263000000000,1.4074050000000000,-0.530832000000000,-0.11915000000000001,0.31627600000000000,-0.41883500000000001,4.554925000000000,2.3711310000000001,-0.207317000000000,2.375500000000000,8.410167000000000,,,,
Jundiaí,1.3454040000000000,-0.4291200000000000,-0.19966400000000001,1.3610990000000001,-0.2567680000000000,-0.17023500000000000,2.98090900000000,0.3017570000000000,0.3479680000000000,0.8294110000000000,0.5220240000000000,0.4060010000000000,0.5008750000000000,1.5987510000000000,1.6713400000000000,0.7844630000000000,2.362296000000000,2.7976310000000000,-0.8124580000000000,-0.5962000000000000,0.22779199999999999,1.7456959999999999,0.10209300000000000,5.9407589999999999,-0.49346699999999999,-0.3604350000000000,4.555661000000000,4.082968000000000,,,,
Rio Branco,-0.6779350000000000,-0.18171899999999999,-0.6379760000000000,-0.050187000000000002,-2.796054000000000,0.09562800000000000,-1.3914569999999999,0.11720999999999999,-0.34105200000000002,-0.008336000000000000,0.9893030000000000,-0.1814220000000000,-0.4064220000000000,-0.26120800000000000,0.5030000000000000,-3.1113270000000002,9.78126200000000,-2.221396000000000,0.5979930000000000,-0.02763200000000000,-0.26160299999999997,-0.8679900000000000,-0.5207670000000000,-1.7028520000000000,-2.8007160000000000,-0.11342500000000000,11.273565000000000,-5.739144000000000,,,,
Montes Claros,0.2838340000000000,-0.3233800000000000,-0.6443980000000000,-0.3466930000000000,-2.836514000000000,-0.6360070000000000,-1.2966139999999999,0.10498100000000000,-0.2044000000000000,0.49384299999999998,0.02132100000000000,-0.059646999999999999,-0.2040420000000000,-0.25973200000000002,-1.266684000000000,-2.1651240000000000,-0.027931999999999998,-1.3165169999999999,1.1662090000000001,0.09758100000000000,-0.2094230000000000,0.4542980000000000,-0.5394170000000000,-1.903039000000000,-2.084128000000000,-0.5980730000000000,-1.2732939999999999,-3.68568300000000,,,,
Campina Grande,-0.1926550000000000,1.0887430000000000,-0.6246360000000000,-0.26880100000000001,-4.318521000000000,0.23199500000000001,-1.5121039999999999,0.11593600000000000,-0.5303890000000000,0.4105880000000000,0.6085920000000000,-0.07921200000000000,1.2907290000000000,-0.40182299999999999,4.108781000000000,5.458856000000000,0.5994440000000000,7.32811400000000,1.997301000000000,-1.4796640000000001,-0.4647400000000000,1.3066759999999999,-0.5087000000000000,-2.1827290000000001,-3.3163480000000001,-1.3268810000000000,5.3168170000000003,14.077699000000001,,,,
Piracicaba,1.0478320000000001,-0.37106899999999998,0.0940980000000000,0.7446000000000000,1.5726970000000000,-0.7975430000000000,1.4840800000000001,0.3932660000000000,0.26017800000000002,0.6397690000000000,0.22915400000000000,1.0432030000000001,0.6745190000000000,0.8729770000000000,-0.25439099999999998,5.245791000000000,1.1224600000000000,1.2553179999999999,-0.29891299999999998,3.25421600000000,-0.04920800000000000,1.3165320000000000,0.48736400000000002,3.1016560000000002,1.4847539999999999,3.499876000000000,1.0972230000000001,7.175629000000000,,,,
Carapicuíba,-0.33701100000000001,-1.816426000000000,-0.7201300000000000,-1.9384740000000000,-0.3238860000000000,-0.5147000000000000,0.16909500000000000,-0.04420500000000000,-1.3378200000000000,-0.13637800000000000,-1.0428580000000001,0.2962000000000000,0.041291000000000001,-0.26446500000000001,-5.747277000000000,-1.9738180000000001,-7.044481000000000,1.2824120000000001,0.1963640000000000,-0.4790410000000000,-1.8694970000000000,-2.2898149999999999,-0.7643360000000000,-2.0338440000000002,-3.33483900000000,-0.69754100000000,-13.83461600000000,-0.650115000000000,,,,
Anápolis,-0.11572399999999999,-0.5200160000000000,-0.6000220000000001,-0.012409999999999999,-3.451938000000000,-0.39709600000000000,-0.6192090000000000,0.11563000000000000,0.8914690000000000,-0.08445800000000001,0.32962999999999998,-0.07264000000000000,-0.049811000000000001,-0.038401999999999999,1.5485020000000000,-0.8638900000000000,0.28625499999999998,-0.8060180000000000,-0.4200940000000000,2.8562069999999999,-0.34852200000000000,-0.7201980000000000,-0.4843920000000000,-0.6700210000000000,-3.3290850000000001,2.3864709999999998,2.164388000000000,-1.7197190000000000,,,,
Olinda,-0.46522100000000000,-1.065494000000000,-0.7090010000000000,1.8296450000000000,0.3854240000000000,0.03664200000000000,-1.6346579999999999,-0.011851000000000000,-0.19461700000000001,0.019789000000000001,0.13463800000000001,0.2233900000000000,-0.014704999999999999,-0.03560300000000000,-0.1933560000000000,-2.407231000000000,-0.04999000000000000,0.6501860000000000,1.5650550000000001,0.2550180000000000,-0.7773990000000000,-1.5109260000000000,-0.7208520000000000,0.15938500000000000,0.9784630000000000,0.51505000000000,-0.10870800000000000,-1.7717510000000001,,,,
Cariacica,-0.8505050000000000,1.669171000000000,-0.6780800000000000,-1.2164100000000000,-1.1952769999999999,-0.08715700000000000,-0.09948600000000000,-0.0058389999999999996,0.5338900000000000,0.020808000000000000,-1.0428580000000001,-0.06285700000000000,-0.31664500000000001,-0.04374500000000000,-5.747277000000000,-2.272846000000000,-7.044481000000000,-2.193438000000000,-1.0710379999999999,-2.585165000000000,0.3143430000000000,0.8394740000000001,-0.6839190000000001,-1.3596410000000001,-1.4180820000000001,-2.7351790000000000,-13.83461600000000,-4.782929000000000,,,,
Bauru,0.5806290000000000,1.972380000000000,-0.4540950000000000,1.2277920000000000,4.235311000000000,-0.6156470000000001,-0.07456800000000000,0.24525100000000000,0.2948250000000000,0.9659620000000000,-0.1285790000000000,0.2355670000000000,0.6695770000000000,0.4924550000000000,-2.1202930000000002,1.2812619999999999,-1.0968020000000001,1.8468540000000000,-0.4819220000000000,-0.6768310000000000,-0.05362100000000000,3.5189710000000001,-0.20884400000000000,1.6456800000000000,3.994593000000000,-1.056911000000000,-3.3456739999999998,3.7976930000000002,,,,
Itaquaquecetuba,-0.5102470000000000,-1.5449180000000000,-0.7075399999999999,-1.9103190000000001,-2.3848110000000000,-1.1288360000000000,2.5406810000000002,-0.0424730000000000,-0.5124540000000000,-0.3018690000000000,-0.2944780000000000,0.9417070000000000,0.09234400000000000,0.05020200000000000,-0.45425199999999999,-0.6675890000000000,-4.823959000000000,0.8462210000000000,0.6711070000000000,3.823075000000000,-0.331617000000000,-2.357034000000000,-0.7500130000000000,0.6805639999999999,-2.5577740000000002,3.6359460000000001,-5.572689000000000,0.27097599999999999,,,,
São Vicente,-0.4803890000000000,-1.4248740000000000,-0.6533720000000000,0.00373700000000000,-0.2770820000000000,0.5034180000000000,-0.956848000000000,0.05881900000000000,-0.584347000000000,-0.17688499999999999,-0.29529300000000003,0.07435600000000001,-0.47979300000000003,0.1186520000000000,-0.3699040000000000,-3.277576000000000,-5.10621800000000,-2.8687890000000000,-0.5776120000000000,-2.668803000000000,-0.5600800000000000,-2.082147000000000,-0.5945530000000000,-0.8344580000000000,-1.999121000000000,-2.091028000000000,-5.771415000000000,-6.6261570000000001,,,,
Vitória,1.1577599999999999,3.2356769999999999,0.5397350000000000,1.5076060000000000,0.20309800000000000,2.2123309999999998,-0.01852700000000000,0.9481300000000000,0.29334700000000002,1.3172230000000000,-1.0428580000000001,-0.1524810000000000,0.9715170000000000,0.6387200000000000,-5.747277000000000,4.3061410000000002,-7.044481000000000,4.450077000000000,-1.319787000000000,-2.005714000000000,-0.5214340000000000,5.710660000000000,1.4878650000000000,2.1277979999999999,-1.3447760000000000,0.05413600000000000,-13.83461600000000,9.72773500000000,,,,
Caruaru,-0.23149300000000000,0.2614120000000000,-0.660655000000000,-0.47713800000000001,-0.8750100000000000,-0.09014300000000000,-1.8531169999999999,0.06610500000000000,-0.21774900000000000,0.37038800000000000,0.37859500000000001,-0.4759730000000000,-0.25550299999999998,-0.6005070000000000,2.2992330000000001,-2.0046770000000000,0.06511800000000000,-1.9601200000000001,1.6444049999999999,-1.0410640000000000,-0.4884730000000000,0.4003060000000000,-0.5945500000000000,-2.930761000000000,0.06317300000000001,-1.6071800000000001,2.742947000000000,-4.220300000000000,,,,
Caucaia,-2.2756889999999999,-2.0249790000000001,-0.76297500000000,-0.8349350000000000,-1.3617809999999999,1.4298740000000001,-0.9042800000000000,-0.0573510000000000,0.20988799999999999,-1.2326029999999999,-0.06147500000000000,-0.39185199999999998,-0.20699699999999999,-0.012548000000000000,-1.2575510000000001,-2.270204000000000,-1.0387620000000000,-1.0289710000000001,2.2033740000000002,-0.946318000000000,0.37586900000000001,-5.533272000000000,-0.8203260000000000,-1.7517640000000001,1.4273499999999999,0.09170300000000001,-2.357789000000000,-3.5061719999999998,,,,
Blumenau,0.10678900000000000,0.006622000000000000,-0.13596600000000000,1.6212450000000000,0.8251810000000001,-0.2787780000000000,0.9042910000000000,0.3502120000000000,0.8556500000000000,0.2555420000000000,0.45283200000000001,0.6901580000000000,1.1897940000000000,0.7140400000000000,2.188703000000000,1.8043000000000000,0.9735790000000000,6.567543000000000,0.8288150000000000,-2.4152290000000001,-0.31740600000000002,0.36895299999999998,0.21424499999999999,3.2395770000000002,2.1922400000000000,-2.003848000000000,3.6151140000000002,9.56163700000000,,,,
Petrolina,-0.18994500000000000,0.05097500000000,-0.6816300000000000,-0.2197370000000000,-1.3414740000000001,-0.5195120000000000,-0.32801500000000,0.04985100000000000,-0.199254000000000,0.2904950000000000,0.4713270000000000,-0.5561710000000000,-0.36392900000000000,-0.16135700000000000,2.6573310000000001,-3.0334699999999999,0.7861080000000000,-1.9090290000000001,1.1693430000000000,-0.11148100000000000,-0.33308100000000002,0.1515250000000000,-0.631779000000000,-0.7091090000000000,-0.7044660000000000,-1.1871650000000000,3.914766000000000,-5.306428000000000,,,,
Ponta Grossa,0.015472000000000000,1.2909759999999999,-0.5733710000000000,1.9999169999999999,2.012726000000000,0.052881999999999998,-0.10426100000000001,0.1457430000000000,0.4851800000000000,0.46424100000000001,0.07543200000000000,1.2013060000000000,0.07884200000000000,0.45291199999999998,-0.6457740000000000,-0.004908000000000000,-0.15824900000000000,-0.26110299999999997,-0.6809930000000000,-0.9811490000000000,-0.2158870000000000,1.7706890000000000,-0.4276280000000000,2.3485680000000002,1.6010270000000000,0.2730390000000000,-0.7285910000000000,-0.18717000000000000,,,,
Franca,0.5171890000000000,0.2400170000000000,-0.5226440000000000,-1.4324690000000000,1.9354990000000001,-0.1858440000000000,1.347415000000000,0.2311380000000000,0.3187210000000000,0.7753510000000000,0.1923150000000000,0.28799700000000000,0.2236470000000000,-0.05595900000000000,-1.5399470000000000,0.5440739999999999,2.2559089999999999,0.28682800000000003,0.38369399999999998,0.168880000000000,-0.1944300000000000,1.5325580000000001,-0.2915070000000000,-0.14101400000000000,2.4434849999999999,0.2710330000000000,0.908278000000000,1.0545490000000000,,,,
Canoas,-0.10222000000000001,-0.804302000000000,-0.5692010000000000,0.25485700000000000,-1.1023820000000000,0.2506120000000000,-0.08900400000000000,0.08307199999999999,0.01479400000000000,-0.04955600000000000,0.25595400000000001,0.5015860000000000,0.49313099999999999,0.3012530000000000,0.18699600000000000,2.144358000000000,0.9206770000000000,2.020010000000000,0.3590480000000000,0.011856000000000000,-0.03377000000000000,-0.9560780000000000,-0.4861290000000000,0.4671070000000000,-0.7623090000000000,0.7640540000000000,1.3636280000000001,4.657499000000000,,,,
Pelotas,0.23107400000000000,1.6633410000000000,-0.5692590000000000,-0.40547100000000003,-0.3693580000000000,-0.7292290000000000,-0.7628290000000000,0.1792690000000000,-0.13301700000000000,0.6698820000000000,0.148548000000000,0.3734930000000000,0.49791999999999997,-0.1659380000000000,-0.734186000000000,1.641382000000000,0.8350150000000000,2.64375900000000,0.7940340000000000,-2.146494000000000,-0.42839200000000000,2.5642969999999998,-0.38999000000000000,-1.3342369999999999,-0.13673199999999999,-2.502230000000000,0.24937699999999999,4.78306100000000,,,,
Vitória da Conquista,-0.16494400000000001,0.2058420000000000,-0.649143000000000,-1.1698900000000001,0.7400270000000000,0.5660750000000000,-1.8162640000000001,0.09601400000000000,-0.14728300000000000,0.3089400000000000,-0.04776900000000000,-0.5178050000000000,-0.3347840000000000,-0.7618350000000000,-1.9979520000000000,-2.635932000000000,0.046478999999999999,-2.0362879999999999,2.919845000000000,-1.1613690000000001,-0.45794299999999999,0.34983799999999998,-0.5531290000000000,-3.747989000000000,3.054646000000000,-1.1130990000000001,-1.9992420000000000,-5.007004000000000,,,,
Ribeirão das Neves,-1.0795999999999999,-1.8308439999999999,-0.7616579999999999,0.746903000000000,-2.357698000000000,-0.853230000000000,-1.3808039999999999,-0.07681399999999999,-0.08598799999999999,-0.6560340000000000,-0.18263900000000000,-0.26319900000000002,-0.5430750000000000,-0.11820100000000000,-0.6840550000000000,-3.2881399999999998,-3.2276229999999999,-3.395852000000000,1.296450000000000,-0.23555200000000001,0.053725000000000002,-3.5664780000000000,-0.8384730000000000,-0.7521010000000000,-1.0935109999999999,-1.3519810000000001,-4.094317000000000,-7.22706700000000,,,,
Uberaba,0.19767100000000001,-0.1587650000000000,-0.533597000000000,-0.2447510000000000,0.026953000000000001,-0.4160200000000000,-0.5225760000000000,0.14344999999999999,0.40116099999999999,0.30359000000000003,-0.28163800000000000,0.115729000000000,0.2168700000000000,0.07152600000000001,-3.8215859999999999,1.3614409999999999,-0.2293560000000000,-0.28677900000000001,2.327574000000000,-0.5264040000000000,-0.0025130000000000000,0.3424960000000000,-0.3901470000000000,-0.695801000000000,2.7531750000000001,-0.8266940000000000,-4.3325800000000001,1.2915330000000000,,,,
Paulista,-0.6087710000000000,-1.8947630000000000,-0.7349340000000000,0.9724590000000000,0.6102959999999999,-0.38168200000000002,-1.2076020000000001,-0.03916100000000000,0.3254980000000000,-0.34043899999999999,0.19567799999999999,0.09402300000000000,-0.3545020000000000,0.0387510000000000,0.16399700000000000,-2.836120000000000,0.2821130000000000,-2.0401919999999998,2.505254000000000,1.3048999999999999,-0.3136830000000000,-2.843974000000000,-0.774095000000,-0.19639300000000001,3.127365000000000,1.0172410000000001,0.6417880000000000,-5.230814000000000,,,,
Praia Grande,0.18488199999999999,1.0436390000000000,-0.6329290000000000,-1.9443470000000000,5.880019000000000,1.8098680000000000,-1.1878379999999999,0.06778600000000000,1.0737740000000000,0.7368320000000000,0.09474299999999999,0.1666800000000000,-0.7261950000000000,-0.21148600000000001,0.22430500000000000,-3.617572000000000,-1.348309000000000,-4.944638000000000,-0.13660300000000000,-2.707100000000000,0.18088299999999999,1.965352000000000,-0.5651430000000000,-3.343672000000000,6.9980739999999999,-0.7305510000000000,-1.0292619999999999,-9.288404999999999,,,,
Cascavel,-0.026492999999999999,1.1222230000000000,-0.4796610000000000,-1.6048800000000001,0.41472900000000001,-0.366550000000000,-0.33996100000000001,0.25707200000000002,0.9529680000000000,0.5292040000000000,0.26573700000000000,0.46963899999999997,0.5458660000000000,-0.19443700000000000,0.7707570000000000,2.1583679999999998,0.5581080000000000,2.440596000000000,-1.532579000000000,0.3292460000000000,-0.25516400000000000,1.624933000000000,-0.22258900000000001,-2.139279000000000,-0.42004599999999997,0.43233600000000000,1.5946020000000001,5.144829000000000,,,,
São José dos Pinhais,-0.34709099999999998,1.1414350000000000,-0.580161000000000,-2.889727000000000,-1.7744740000000001,-0.38592399999999999,3.2857219999999998,0.04934200000000000,1.0008120000000000,-0.08619100000000000,0.17025299999999999,0.4060010000000000,0.7158409999999999,0.4709790000000000,-0.024476000000000001,2.490766000000000,0.12678900000000001,1.397654000000000,-0.6440770000000000,-1.4168160000000001,0.4871320000000000,0.708153000000000,-0.5308190000000000,0.8669750000000001,-0.9306070000000000,-1.3967400000000001,0.27256599999999997,4.604261000000000,,,,
Guarujá,-0.005630000000000000,-1.428894000000000,-0.603668000000000,-0.3025750000000000,4.899415000000000,1.9316089999999999,-1.2915280000000000,0.051227000000000002,0.43728600000000001,0.019330000000000000,-0.13810700000000001,1.0788180000000001,0.16403300000000001,0.07386700000000000,-0.4189500000000000,-1.870406000000000,-3.188180000000000,-4.5155789999999998,0.08285500000000000,0.251437000000000,-0.4396620000000000,-1.4151940000000001,-0.5524400000000000,-1.5202370000000001,4.97989400000000,3.2618640000000001,-3.7452369999999999,-6.221952000000000,,,,
Taubaté,0.9640990000000000,-0.9648790000000000,-0.4990860000000000,1.2245569999999999,-3.2384260000000000,-0.5819940000000000,0.3002140000000000,0.12001199999999999,-0.270943000000000,0.620356000000000,0.13096900000000000,0.34582700000000000,0.18624800000000000,0.7650850000000000,0.05219500000000000,1.0248830000000000,-0.6688710000000000,-0.28203299999999998,-0.46909499999999998,-1.5634930000000000,0.04932700000000000,0.6195760000000000,-0.3790740000000000,2.289856000000000,-3.9291369999999999,-1.7996600000000000,-0.4857070000000000,0.9290980000000000,,,,
Palmas,0.013840999999999999,0.20834600000000000,-0.5574340000000000,1.1371540000000000,2.0461589999999998,-0.34979800000000000,-0.7761400000000001,0.2616070000000000,-0.3534850000000000,0.49129600000000001,1.4346220000000001,-0.2685490000000000,0.08648500000000001,0.4965780000000000,7.133388000000000,-1.0064550000000001,7.031052000000000,0.5246450000000000,0.4460700000000000,1.707859000000000,-1.0482320000000001,0.7134830000000000,-0.2958270000000000,0.8575920000000000,1.0905130000000001,1.0895120000000000,15.59906200000000,-0.39532500000000,,,,
Limeira,0.9762000000000000,1.9517800000000001,-0.47681800000000002,0.4681050000000000,-0.042847999999999997,-0.8745370000000000,3.2250760000000001,0.15720700000000001,0.14018600000000001,0.9343210000000000,-0.1680160000000000,1.2845610000000001,1.3232870000000001,0.771650000000000,-0.6469640000000000,0.441842000000000,-3.365330000000000,10.796099999999999,-0.6140570000000000,3.6819350000000002,-0.053050000000000000,3.8623010000000000,-0.3196110000000000,4.4648320000000004,-0.5697690000000000,4.091959000000000,-4.180310000000000,12.561229000000001,,,,
Camaçari,-0.04773800000000000,-0.8471020000000000,-0.6071090000000000,1.4435249999999999,-1.5522430000000000,1.0216339999999999,0.7149110000000000,0.010211000000000000,-0.04767200000000000,-0.22269000000000000,0.1223080000000000,-0.3563900000000000,0.2851970000000000,1.000360000000000,-1.043762000000000,1.2698490000000000,0.8516840000000000,0.6887610000000000,5.909409000000000,-1.0075850000000000,0.2870880000000000,-1.117531000000000,-0.5968980000000000,3.158796000000000,4.596581000000000,-0.3423410000000000,-0.0697700000000000,2.243806000000000,,,,
Santarém,-0.06317399999999999,-1.1028700000000000,-0.7046630000000000,-0.47242899999999999,-1.8948469999999999,0.9659780000000000,-0.9195750000000000,0.026363000000000001,0.8580449999999999,0.29024100000000003,0.6922540000000000,-0.7992110000000000,-0.5209110000000000,-0.40080500000000002,1.9666870000000001,-3.0862229999999999,4.083726000000000,-3.312740000000000,-0.1635170000000000,-2.5548370000000000,1.0101659999999999,-0.875804000000000,-0.6783000000000000,-1.7928090000000001,-0.19015299999999999,-2.3880699999999999,6.7426670000000000,-6.919874000000000,,,,
Petrópolis,-0.16960600000000001,-0.35191699999999998,-0.48321799999999998,0.34868600000000000,1.8802509999999999,-0.7174700000000001,-0.7787220000000000,0.124954000000000,0.43254700000000001,0.04424600000000000,0.24433700000000000,0.4333110000000000,-0.12017500000000000,0.05351000000000000,-0.4185200000000000,-1.7514360000000000,1.4812399999999999,-0.9593530000000000,-0.4571390000000000,0.8407690000000000,0.21833900000000001,-0.47727700000000001,-0.3582640000000000,-0.3765260000000000,2.073997000000000,0.5566100000000000,1.3070569999999999,-2.8309650000000000,,,,
Mossoró,-0.0533640000000000,0.17220400000000000,-0.6669180000000000,-1.3897250000000001,-2.4774579999999999,0.6554670000000000,-1.0308569999999999,0.08984800000000000,-0.24332699999999999,0.49053200000000002,0.6001840000000001,0.1855840000000000,0.007612000000000000,-0.48177500000000001,3.1304729999999998,0.31519000000000003,1.83834200000000,-1.1710879999999999,-0.21527099999999999,-1.2451749999999999,-0.4313660000000000,0.6093720000000000,-0.5770690000000001,-2.9023569999999999,-3.3674210000000002,-0.4041240000000000,5.568999000000000,-0.8482860000000000,,,,
Suzano,0.6442820000000000,-0.6155540000000000,-0.6135830000000000,0.9993960000000000,2.9629200000000000,-0.9024080000000000,0.8840420000000000,0.042209000000000003,0.4462020000000000,0.430460000000000,0.006800000000000000,0.9004870000000000,-0.08904400000000000,0.5561730000000000,-0.5559930000000000,-1.5366080000000000,-1.32088500000000,-0.5131350000000000,-0.2549860000000000,3.312516000000000,0.2222360000000000,0.459188000000000,-0.5713740000000000,2.4396110000000002,3.376373000000000,3.31059500000000,-1.8700779999999999,-2.138787000000000,,,,
Taboão da Serra,0.30271599999999999,-0.6090630000000000,-0.6150080000000000,-1.0567500000000001,-0.3094070000000000,0.011991000000000000,1.5848560000000000,0.03828500000000000,-0.1207370000000000,0.18604399999999999,-0.5385880000000000,0.45109300000000002,0.29008800000000001,0.23366799999999999,-5.747277000000000,-0.3603990000000000,-1.0441400000000001,2.1396980000000001,0.42108000000000001,-0.995933000000000,-0.29646000000000000,-0.1203030000000000,-0.5767220000000000,0.7617750000000000,-0.3055230000000000,-0.532849000000000,-7.3300049999999999,2.0693880000000000,,,,
Várzea Grande,-0.8730370000000000,-0.003920000000000000,-0.6867400000000000,0.6741480000000000,-0.8895830000000000,-1.055622000000000,-1.0234010000000000,0.022643000000000000,0.057389999999999997,-0.11579299999999999,0.24586600000000000,0.16255300000000000,-0.1511540000000000,0.04913300000000000,-0.5730040000000000,-0.1988480000000000,1.862606000000000,-2.215638000000000,-0.4919800000000000,2.812133000000000,-0.4552490000000000,-0.992750000000000,-0.664097000000000,-0.30012000000000000,-1.7794220000000001,1.9190650000000000,1.535467000000000,-2.5656400000000001,,,,
Sumaré,-0.3430300000000000,-2.5059979999999999,-0.5969220000000000,-0.052479999999999999,-0.4699530000000000,-0.15280299999999999,1.1166510000000001,0.026107999999999999,-0.11905600000000000,-0.6393219999999999,-0.3627020000000000,0.23526100000000000,0.030794999999999999,0.4907250000000000,-2.6522709999999998,0.20288400000000001,-3.241528000000000,-0.9074670000000000,2.7154379999999998,0.6107370000000000,0.12536300000000000,-3.488350000000000,-0.5708140000000000,1.554896000000000,2.251792000000000,0.6931950000000000,-6.256501000000000,-0.6737890000000000,,,,
Marabá,-0.6627440000000000,-0.9105740000000000,-0.7041680000000000,2.872745000000000,-1.3085300000000000,-0.3442790000000000,-0.9059350000000000,-0.0027309999999999999,0.7346910000000000,-0.33814699999999998,0.46847400000000000,-0.6949640000000000,-0.32561299999999999,0.7833050000000000,1.0189809999999999,-2.323861000000000,2.5216289999999999,-2.1545220000000000,-0.1017190000000000,-1.141782000000000,0.9147810000000000,-1.911465000000000,-0.7068980000000000,2.7501150000000001,0.23922299999999999,-2.181025000000000,4.0090830000000004,-4.803996000000000,,,,
Gravataí,-0.1823370000000000,-0.17719199999999999,-0.672677000000000,0.09655000000000000,-1.388126000000000,-0.8061320000000000,0.9193570000000000,-0.0007440000000000000,0.37925199999999998,-0.11869800000000000,0.22135800000000000,0.20117499999999999,0.1394240000000000,0.4490440000000000,-0.525532000000000,0.05712000000000000,1.4696549999999999,0.3032340000000000,-0.15969800000000001,-0.6027050000000000,0.5874420000000000,-0.4782260000000000,-0.6734200000000000,1.4649520000000000,-0.581130000000000,-1.207662000000000,1.1654810000000000,0.4997780000000000,,,,
Santa Maria,0.36635299999999998,3.7600349999999998,-0.5510610000000000,-0.5486190000000000,0.6726810000000000,-0.6066990000000000,-0.5638800000000000,0.22828399999999999,0.1333590000000000,1.1162179999999999,0.2836720000000000,0.2551840000000000,0.9443589999999999,0.09091600000000000,0.7232150000000001,6.8324129999999998,0.7495070000000000,2.521705000000000,0.7070810000000000,-0.8195740000000000,-0.31000899999999998,5.242607000000000,-0.3227770000000000,-1.0215829999999999,1.2031130000000001,-1.1710890000000000,1.7563940000000000,10.298477000000000,,,,

