Determinante,Subdeterminante,Nome do indicador,Fonte,Unidade de medida,Período,Mafra,Bela Vista do Toldo,Canoinhas,Irineópolis,Itaiópolis,Major Vieira,Monte Castelo,Papanduva,Porto União, Três Barras,São Paulo,Rio de Janeiro,Brasília,Salvador,Fortaleza,Belo Horizonte,Manaus,Curitiba,Recife,Goiânia,Belém,Porto Alegre,Guarulhos,Campinas,São Luís,São Gonçalo,Maceió,Duque de Caxias,Campo Grande,Natal,Teresina,São Bernardo do Campo,João Pessoa,Nova Iguaçu,São José dos Campos,Santo André,Ribeirão Preto,Jaboatão dos Guararapes,Uberlândia,Osasco,Sorocaba,Contagem,Aracaju,Feira de Santana,Cuiabá,Joinville,Aparecida de Goiânia,Londrina,Juiz de Fora,Porto Velho,Ananindeua,Serra,Caxias do Sul,Macapá,Niterói,Florianópolis,Belford Roxo,Campos dos Goytacazes,Vila Velha,Mauá,São João de Meriti,São José do Rio Preto,Mogi das Cruzes,Betim,Boa Vista,Maringá,Santos,Diadema,Jundiaí,Rio Branco,Montes Claros,Campina Grande,Piracicaba,Carapicuíba,Anápolis,Olinda,Cariacica,Bauru,Itaquaquecetuba,São Vicente,Vitória,Caruaru,Caucaia,Blumenau,Petrolina,Ponta Grossa,Franca,Canoas,Pelotas,Vitória da Conquista,Ribeirão das Neves,Uberaba,Paulista,Praia Grande,Cascavel,São José dos Pinhais,Guarujá,Taubaté,Palmas,Limeira,Camaçari,Santarém,Petrópolis,Mossoró,Suzano,Taboão da Serra,Várzea Grande,Sumaré,Marabá,Gravataí,Santa Maria
Capital Humano,Acesso e Qualidade da Mão de Obra Básica,Nota do Ideb,INEP,Índice,2019.0,5.4,0.0,5.85,6.0,5.25,5.45,525.0,5.55,5.15,4.7,4.9,4.9,4.6,3.7,5.1,4.7,4.8,5.0,4.8,5.4,4.1,4.0,5.0,5.2,4.2,3.6,4.2,3.8,4.9,3.4,5.6,5.6,4.2,3.8,5.7,5.2,4.8,4.5,4.8,4.8,5.5,4.7,3.7,3.6,4.3,5.8,4.7,5.3,4.2,4.4,4.3,4.5,4.7,3.8,3.8,4.5,3.8,3.6,4.6,5.3,3.7,5.3,5.0,5.1,4.3,5.2,5.3,5.4,5.6,4.8,4.9,4.1,5.5,5.0,5.5,4.4,4.3,4.9,4.8,4.9,4.6,4.8,4.2,4.9,5.0,4.8,5.6,4.2,4.4,4.5,4.2,5.1,4.2,5.4,5.0,4.9,5.2,5.6,5.4,5.4,4.2,4.6,4.2,3.9,5.2,5.3,4.3,5.2,4.3,4.4,4.5
Capital Humano,Acesso e Qualidade da Mão de Obra Básica,Proporção de Adultos com pelo menos o Ensino Médio Completo,INEP,% de pessoas,2021.0,22.63,10.8,25.69,1258.0,15.62,13.42,2263.0,14.7,23.45,2275.0,0.5656,0.5568,0.4962,0.5390999999999999,0.281,0.532,0.4806,0.5464,0.5302,0.4767,0.5341,0.5439,0.5958,0.599,0.5856,0.5815,0.4979,0.5306000000000001,0.5383,0.5267000000000001,0.49939999999999996,0.6365999999999999,0.5228,0.5558,0.6031,0.6437999999999999,0.6003000000000001,0.5013000000000001,0.5273,0.6145,0.6112,0.5516,0.5314,0.5347,0.5574,0.5846,0.4167,0.4996,0.5024000000000001,0.4869,0.5202,0.5045000000000001,0.5435,0.5217,0.5618,0.5324,0.47729999999999995,0.5327000000000001,0.5454,0.6253,0.5437,0.6001,0.6122,0.5167,0.5448,0.5282,0.6026,0.5801,0.5988,0.4368,0.5528,0.4725,0.5977,0.5644,0.42200000000000004,0.5494,0.46869999999999995,0.5939,0.5347,0.5722999999999999,0.5301,0.4708,0.27,0.5094,0.46159999999999995,0.5246,0.5851,0.5758,0.4917,0.44409999999999994,0.389,0.5032,0.5796,0.5642,0.5114,0.5544,0.5602,0.6152000000000001,0.5411,0.6019,0.5572,0.5109,0.531,0.4853,0.6509999999999999,0.5690999999999999,0.5186,0.5659000000000001,0.4755,0.5633,0.5179
Capital Humano,Acesso e Qualidade da Mão de Obra Básica,Nota Média no ENEM,INEP,Índice,2021.0,403.0,0.0,0.0,0.0,0.0,0.0,0.0,0.0,365.0,0.0,566.06,571.78,550.35,553.64,527.88,601.85,496.05,571.53,561.62,570.41,542.61,582.98,541.71,583.56,536.97,541.37,547.78,530.93,551.85,576.24,568.27,575.63,562.78,533.53,589.98,565.5,584.62,514.2,572.53,552.58,563.51,567.33,563.56,547.66,553.77,569.47,522.6,567.23,591.84,516.78,522.11,535.09,573.47,512.0,586.14,593.74,491.1,556.06,563.83,531.32,525.93,584.84,566.85,554.46,515.72,553.49,566.01,534.1,578.3,522.83,579.29,557.85,580.94,520.44,551.52,537.16,524.2,568.6,519.21,525.97,585.22,551.97,479.64,566.07,535.49,549.8,566.73,557.04,556.98,546.2,540.29,574.68,521.07,534.43,548.34,538.76,540.98,577.91,540.19,583.35,519.39,528.4,569.18,551.55,547.1,544.77,507.25,526.66,523.19,552.61,573.11
Capital Humano,Acesso e Qualidade da Mão de Obra Básica,Taxa Líquida de Matrícula no Ensino Médio,INEP e IBGE,% de jovens,2021.0,78.11,77.08,72.25,7047.0,63.89,70.15,5971.0,69.63,75.31,0.0,0.7641,0.764,0.7378,0.7864,0.6767,0.6801999999999999,0.8155,0.6551,0.7351000000000001,0.653,0.7581,0.6275999999999999,0.7801,0.7070000000000001,0.7109000000000001,0.45270000000000005,0.5893,0.6738,0.7287,0.6620999999999999,0.8009999999999999,0.7584000000000001,0.6670999999999999,0.7443000000000001,0.6868000000000001,0.8362999999999999,0.6876000000000001,0.5537,0.6363,0.9033,0.7606,0.5424,0.7006,0.752,0.8076000000000001,0.7003,0.6299,0.6787000000000001,0.6114999999999999,0.6224000000000001,0.7,0.5463,0.5932999999999999,0.5657,0.9381,0.8190000000000001,0.45630000000000004,0.6468,0.6058,0.5958,0.7276,0.77,0.715,0.5597,0.6437999999999999,0.5959,0.9009999999999999,0.7333,0.9354,0.6622,0.634,0.684,0.8256999999999999,0.7331,0.7284999999999999,0.6249,0.5372,0.784,0.7039,0.5925,0.9348000000000001,0.5785,0.49689999999999995,0.6855,0.7736,0.6626000000000001,0.6373,0.6664,0.6809999999999999,0.8354,0.5736,0.6468,0.6064,0.8062,0.6359,0.5716,0.6796,0.7426,0.7269,0.7073,0.9068999999999999,0.9156,0.5778,0.6451,0.863,0.7990999999999999,0.7509999999999999,0.6178,0.7168000000000001,0.6091,0.6303
Capital Humano,Acesso e Qualidade da Mão de Obra Básica,Proporção de Matriculados no Ensino Técnico e Profissionalizante,INEP e IBGE,% de jovens,2021.0,0.86,0.0,3.44,12.0,0.03,0.15,18.0,0.0,1.61,0.2,0.015300000000000001,0.011200000000000002,0.0118,0.0151,0.0126,0.0115,0.0069,0.015600000000000001,0.0434,0.0064,0.013000000000000001,0.0339,0.0043,0.0111,0.0197,0.0060999999999999995,0.0149,0.0212,0.0118,0.021099999999999997,0.021099999999999997,0.011899999999999999,0.0168,0.0167,0.0125,0.013300000000000001,0.0085,0.0064,0.0067,0.0089,0.018500000000000003,0.0070999999999999995,0.011399999999999999,0.0123,0.009000000000000001,0.0184,0.0036,0.0106,0.004699999999999999,0.0070999999999999995,0.0064,0.0154,0.0113,0.0073,0.01,0.0432,0.0034000000000000002,0.0179,0.0115,0.0059,0.0089,0.0096,0.0116,0.008199999999999999,0.0104,0.006999999999999999,0.0137,0.0088,0.0189,0.0111,0.0070999999999999995,0.015300000000000001,0.013300000000000001,0.0053,0.0066,0.0069,0.0143,0.011399999999999999,0.006500000000000001,0.0059,0.0276,0.015300000000000001,0.0052,0.0086,0.0118,0.0154,0.0116,0.0078000000000000005,0.028300000000000002,0.011000000000000001,0.0027,0.008199999999999999,0.0106,0.0096,0.0151,0.0076,0.0092,0.0138,0.0068000000000000005,0.0177,0.018000000000000002,0.0115,0.0089,0.028900000000000002,0.011000000000000001,0.009899999999999999,0.003,0.006500000000000001,0.01,0.0096,0.0239
Capital Humano,Acesso e Qualidade da Mão de Obra Básica,Índice de Acesso e Qualidade da Mão de Obra Básica,,,,0.0,0.0,0.0,0.0,0.0,0.0,0.0,0.0,0.0,0.0,6.8058,6.6569,5.8445,5.9073,4.5679,6.5668,5.1885,6.5112,7.6625,5.9514,5.7789,6.8175,6.267,7.0138,6.1727,4.4852,5.2798,5.5431,6.2205,5.8545,7.2528,7.5169,5.9265,5.7247,7.3914,7.5023,6.6382,4.5393,5.8669,6.9754,7.4675,5.5954,5.5698,5.5214,6.1281,7.3856,4.4361,6.2334,5.4979,4.6856,5.0814,5.2001,5.9781,4.3038,6.7437,8.1766,3.2959,5.5443,5.8528,5.9476,5.1164,7.2196,6.7982,5.5736,5.1259,5.735,7.5704,6.361,8.2097,5.0288,6.153,5.5319,7.5996,5.7268,5.721,5.2721,4.6886,6.8752,5.4105,5.3744,7.78,5.5074,2.5073,5.9828,5.8065,6.0208,6.7482,5.7229,6.3508,5.7316,4.0371,6.0374,5.212,6.5419,5.9506,5.4618,6.0882,7.4718,6.1314,7.4265,6.3282,6.1667,5.4261,5.8854,7.2784,6.6372,4.8833,5.6221,5.0744,5.616,6.3986
Capital Humano,Acesso e Qualidade da Mão de Obra Qualificada,Proporção de Adultos com pelo menos os Ensino Superior Completo,INEP,% pessoas,2021.0,9.65,3.16,10.68,639.0,7.72,4.73,965.0,5.33,15.47,7.13,0.4054,0.35869999999999996,0.3908,0.2791,0.1219,0.42100000000000004,0.16570000000000001,0.44920000000000004,0.3296,0.29460000000000003,0.2756,0.42950000000000005,0.2754,0.4569,0.2643,0.1963,0.2847,0.1578,0.3481,0.313,0.2961,0.3924,0.32439999999999997,0.20579999999999998,0.42310000000000003,0.41960000000000003,0.4299,0.142,0.35369999999999996,0.3497,0.3661,0.24760000000000001,0.3071,0.21109999999999998,0.4142,0.331,0.1286,0.4104,0.37770000000000004,0.2618,0.17800000000000002,0.1857,0.2844,0.3247,0.4474,0.5023,0.0815,0.26489999999999997,0.3017,0.23620000000000002,0.14679999999999999,0.401,0.3914,0.2047,0.29710000000000003,0.38299999999999995,0.4443,0.2004,0.434,0.2801,0.3703,0.23420000000000002,0.361,0.18530000000000002,0.195,0.2539,0.15,0.4194,0.17190000000000003,0.2365,0.3958,0.2143,0.029300000000000003,0.3601,0.22769999999999999,0.31829999999999997,0.3611,0.2623,0.3003,0.2133,0.1477,0.3096,0.16649999999999998,0.2231,0.3592,0.2116,0.2415,0.4025,0.3703,0.34,0.1155,0.2377,0.2764,0.21969999999999998,0.2637,0.2669,0.2095,0.1867,0.18739999999999998,0.20739999999999997,0.3387
Capital Humano,Acesso e Qualidade da Mão de Obra Qualificada,Proporção de Alunos Concluintes em Cursos de Alta Qualidade,INEP,% alunos,2021.0,0.0,0.0,0.0,0.0,0.0,0.0,0.0,0.0,0.0,0.0,0.16820000000000002,0.2925,0.33990000000000004,0.2444,0.2919,0.4322,0.10210000000000001,0.2232,0.2568,0.2227,0.1892,0.5163,0.08,0.39649999999999996,0.1458,0.005600000000000001,0.1404,0.0809,0.1177,0.2832,0.1911,0.36210000000000003,0.231,0.102,0.29460000000000003,0.233,0.1278,0.0116,0.44420000000000004,0.1707,0.2562,0.171,0.0571,0.3097,0.1804,0.389,0.1377,0.111,0.49219999999999997,0.1252,0.0319,0.44880000000000003,0.3089,0.0702,0.3465,0.7206999999999999,0.0,0.23329999999999998,0.5901,0.1746,0.0,0.1718,0.1839,0.2096,0.0794,0.2403,0.09140000000000001,0.289,0.1466,0.1637,0.1013,0.29359999999999997,0.1623,0.0,0.18289999999999998,0.041100000000000005,0.4163,0.3873,0.057999999999999996,0.04190000000000001,0.5604,0.17559999999999998,0.0,0.195,0.18539999999999998,0.3447,0.1629,0.1294,0.37689999999999996,0.19920000000000002,0.0,0.16510000000000002,0.0,0.2823,0.29760000000000003,0.4106,0.0461,0.0675,0.18100000000000002,0.433,0.2089,0.0362,0.1543,0.1606,0.1561,0.16760000000000003,0.2078,0.0,0.1376,0.23399999999999999,0.5904
Capital Humano,Acesso e Qualidade da Mão de Obra Qualificada,Custo Médio de Salários de Dirigentes,RAIS (ME),R$,2020.0,6775.95,0.0,6902.37,488468.0,6143.53,4357.96,358080.0,6881.62,4849.77,14219.21,11044.57,8535.63,6234.38,5490.47,4173.03,5902.23,5868.26,6551.38,5330.13,4908.82,4973.78,6400.92,7253.66,8214.35,4463.39,4014.58,4496.43,4864.31,4633.68,3650.04,3646.37,9773.76,3784.44,3544.28,7255.78,6154.57,5372.36,5262.12,5271.38,8294.51,7624.71,5323.03,3829.7,3711.99,4807.11,6390.61,4268.98,5082.52,4334.69,4343.28,4041.36,5430.61,5677.84,3343.83,5412.62,5798.12,4078.01,3508.86,3597.92,6869.06,3565.66,4754.2,5147.14,6982.72,3852.53,4786.39,6089.98,7369.82,8823.55,4282.19,3939.81,3439.52,6769.91,4060.65,5308.5,3565.63,3959.81,5138.59,4732.34,4512.8,6026.57,2972.75,3334.71,5938.25,3652.73,5120.26,3757.79,5539.48,4443.84,3458.47,3758.83,4592.81,4120.67,3258.34,4636.52,8558.17,4743.58,6041.12,4442.0,6151.78,7900.88,3436.77,4574.58,2936.87,5823.47,6630.56,4201.17,9623.63,5194.22,6192.3,3952.09
Capital Humano,Acesso e Qualidade da Mão de Obra Qualificada,Índice de Acesso e Qualidade de Mão de Obra Qualificada,,,,0.0,0.0,0.0,0.0,0.0,0.0,0.0,0.0,0.0,0.0,5.2723,5.7822,6.6476,5.802,5.6503,7.3119,4.3884,6.4474,6.2255,6.045,5.7606,7.5645,4.6219,6.8673,5.7647,5.0425,5.8509,4.6369,6.0787,7.1744,6.6957,6.1136,6.9252,5.8574,6.416,6.4114,6.3032,4.0854,7.1654,5.2651,5.8326,5.3688,6.0715,6.6013,6.6601,6.4352,5.002,6.229,7.9587,5.7323,5.0185,6.0824,6.0333,6.6495,7.2916,9.0304,4.2659,6.7927,8.4046,4.851,5.0554,6.5683,6.3828,4.7733,6.0839,6.7221,6.0033,4.9891,5.6099,6.0392,6.5645,6.912,5.5972,4.9207,5.097,5.8882,6.4752,7.3929,4.6933,5.14,7.6419,6.8045,4.5395,5.9519,6.243,6.5994,6.8939,5.2097,6.9449,6.3786,4.9036,6.0551,4.7652,6.9736,6.8829,5.3505,5.0706,5.6612,6.5777,6.7378,4.0357,5.8819,5.8145,6.8212,5.2309,5.0693,5.8318,3.3734,4.9103,5.0894,8.3631
Acesso a Capital,Capital Disponível,Operações de Crédito por Município,BACEN e IBGE,% crédito,2021.0,217.0,68.0,542.0,59.0,285.0,352.0,3023.0,82.0,211.0,1613.0,2.0684,0.5054,0.6736,0.5053,0.5133,1.2808000000000002,0.2147,0.7551000000000001,0.5837,0.8502,0.5807,1.1462999999999999,0.16269999999999998,0.4375,0.4336,0.1548,0.47950000000000004,0.1245,0.6079,0.5011,0.5387,0.38909999999999995,0.5604,0.1685,0.1956,0.2115,0.6747,0.13019999999999998,0.5241,6.2249,0.2862,0.1523,0.6634,0.3789,0.727,0.2621,0.1776,0.5885,0.4045,0.3865,0.261,0.12029999999999999,0.2932,0.41119999999999995,0.1311,0.7217,0.09230000000000001,0.1112,0.2564,0.1754,0.1376,0.5429999999999999,0.21539999999999998,0.09369999999999999,0.4227,0.5457,0.3467,0.1446,0.1333,0.44079999999999997,0.4171,0.40990000000000004,0.2872,0.12269999999999999,0.3593,0.1972,0.1528,0.45299999999999996,0.1025,0.2968,0.5509000000000001,0.3333,0.1699,0.4583,0.32689999999999997,0.3958,0.5492,0.1993,0.4879,0.3998,0.10890000000000001,0.3084,0.1678,0.2823,0.575,0.12029999999999999,0.17350000000000002,0.1672,0.7111,0.2349,0.0574,0.3032,0.15109999999999998,0.4172,0.16649999999999998,0.1576,0.2557,0.1341,0.2148,0.1572,0.5982999999999999
Acesso a Capital,Capital Disponível,Capital Poupado per capita,BACEN e IBGE,R$/habitante,2021.0,13976.43,0.0,10565.17,429960.0,7572.35,2754.48,0.0,6993.72,58473.77,3049.77,73538.0,45609.41,30904.11,12869.45,14054.69,37183.28,7710.99,38313.58,20800.56,17925.86,12085.14,83609.49,10479.61,32239.26,8036.46,3853.84,10020.89,5963.35,9790.65,9844.88,8465.49,18825.67,10371.52,4931.01,13135.26,17702.54,26065.46,2977.57,12924.64,31109.53,13802.72,10804.45,15992.68,6417.88,18844.94,15514.9,2526.29,15313.37,12676.34,8271.2,2450.41,4580.5,15548.61,3747.04,24609.25,23997.96,1703.04,8734.89,8396.72,6655.45,4160.73,20884.09,12037.92,9215.77,5399.09,17185.01,31662.98,11572.82,24104.45,6541.38,6276.85,7101.08,22325.09,3159.07,8132.97,3613.28,4907.12,14200.63,3686.17,5918.25,55592.75,5610.17,1368.1,17507.45,4737.13,9238.66,11332.53,9437.3,9398.27,6081.36,1430.71,10906.78,2536.6,6771.75,12014.89,8990.72,8004.65,12362.5,9862.6,13281.63,7875.99,3780.56,13025.6,5338.63,7592.44,7534.22,4533.27,6817.16,3812.42,5131.69,10142.41
Acesso a Capital,Capital Disponível,Proporção Relativa de Capital de Risco,Crunchbase,% capital de risco,2021.0,0.0,0.0,0.0,0.0,0.0,0.0,0.0,0.0,0.0,0.0,0.0875,0.0116,0.0001,0.0034999999999999996,0.0001,0.046799999999999994,0.0,0.0659,0.0033,0.001,0.0,0.0032,0.0,0.0,0.0,0.0,0.0,0.0,0.0002,0.0,0.0,0.0,0.0,0.0,0.0011,0.0,0.0001,0.0,0.0007000000000000001,0.0,0.001,0.0,0.0,0.0,0.0,0.0006,0.0,0.0051,0.0002,0.0,0.0,0.0,0.0,0.0,0.0,0.0199,0.0,0.0,0.0,0.0,0.0,0.0008,0.0,0.0,0.0,0.0,0.0,0.0,0.0002,0.0,0.0,0.0,0.004,0.0,0.0,0.0,0.0,0.0,0.0,0.0,0.0,0.0,0.0,0.0027,0.0,0.0,0.0,0.0,0.0,0.0,0.0,0.0,0.0,0.0,0.0003,0.0,0.0,0.0,0.0,0.0,0.0,0.0,0.0,0.0,0.0,0.0,0.0,0.0004,0.0,0.0,0.0
Mercado,Clientes Potenciais,PIB per capita,IBGE,R$,2019.0,43817.87,30823.44,40376.72,4042158.0,47859.71,36581.74,2873169.0,43734.95,32220.81,78265.31,61615.28,52391.45,88424.36,21999.0,24936.36,38410.43,37620.16,48931.55,32926.35,34014.86,21511.48,55229.36,46391.07,53852.94,28768.55,16708.14,22694.78,48773.38,33007.49,27718.62,25274.94,60087.65,25244.46,21110.9,58940.43,41911.23,49096.57,19499.72,53252.7,116795.46,53619.9,45175.02,26069.21,23871.21,39485.71,57099.66,23877.94,37185.23,32371.31,32629.57,15110.37,48187.26,51580.57,21890.63,90048.19,42522.57,15653.21,56539.45,25281.65,33800.62,20693.33,40020.68,35603.32,62366.11,24214.84,44245.39,52427.63,35621.75,109975.34,21798.97,23268.86,22980.54,67814.59,15187.59,37168.56,14667.03,26344.96,40147.63,20203.49,14958.55,58492.3,20606.38,18756.9,47197.95,20219.01,43483.11,28357.78,58989.5,27472.95,21137.43,12727.3,45673.06,13472.9,22640.04,37498.87,89542.44,28022.29,57219.54,33348.12,44358.59,84876.31,16625.12,44420.79,22798.63,39685.09,29619.21,29604.45,51209.97,39690.92,43410.44,30743.74
Mercado,Clientes Potenciais,Proporção entre Grandes/Médias e Médias/Pequenas Empresas,RAIS (ME),% empresas,2020.0,0.0,0.0,0.0,0.0,0.0,0.0,0.0,0.0,0.0,0.0,1.367,1.4016,1.347,1.6794,1.0354,1.504,1.1812,1.6199000000000001,1.3033000000000001,1.0859999999999999,2.2328,1.4094,0.7132,1.05,1.5649000000000002,1.3728,0.9451,1.0317,1.4513999999999998,1.8430000000000002,1.2318,1.2129,1.3766999999999998,0.9765,1.0051999999999999,1.4853,0.9520000000000001,0.8284999999999999,0.0,0.9215000000000001,1.0436,1.2154,1.7889,0.9442,1.0362,1.5099,0.9265000000000001,0.9989,1.3421,1.5478999999999998,0.8404,1.0754000000000001,0.7997,1.0311,0.9002,1.7224000000000002,0.7874,0.9756,1.1575,0.7889,0.9545999999999999,0.9627,1.077,1.0415,1.36,0.7337,1.037,0.5693,1.0552,1.1697,1.0998,1.1175,1.1915,0.4943,1.0996,1.8538999999999999,0.7159,1.5213999999999999,0.41840000000000005,0.9983,1.5571000000000002,1.0889,0.6557999999999999,1.6272,1.1278,1.8672,0.7508,0.9267,1.0186,0.8423,1.3719999999999999,1.0056,1.4987000000000001,0.3505,0.6075,0.0,0.8259000000000001,1.3519999999999999,1.4796,1.2319,1.0218,0.9948999999999999,1.1344,0.7293000000000001,1.3603999999999998,0.6493000000000001,1.3431,0.9643999999999999,1.9505000000000001,1.0055,1.0021
Mercado,Clientes Potenciais,Compras Públicas,SICONFI e RAIS,R$/empresa,inf,372805.42,1027658.41,35448.43,234629415.0,494194.46,685806.68,52507310.0,,346139.81,2493251.71,804009.55,810772.78,1525630.18,570356.45,627390.99,594003.99,1034996.87,554522.48,531802.15,461055.53,651435.86,642154.14,721672.24,723057.8,646401.56,688472.67,537343.37,1297787.51,768506.06,564886.44,709659.37,1034483.72,467387.87,941181.1,839109.38,732180.75,492108.86,769328.13,0.0,1116026.86,709747.29,547784.25,553541.88,472604.12,693478.21,564273.63,627006.1,481440.09,495704.73,709606.2,757178.61,610436.05,610449.91,791406.23,930973.05,433724.74,1550614.32,762275.68,400262.1,846829.84,939632.09,472043.89,776124.26,1016574.0,997232.48,371563.9,756382.47,819792.38,829134.34,569268.17,460726.17,489499.73,554036.05,677686.84,555778.41,628655.21,603328.01,558106.39,818565.02,1139458.63,452549.1,411253.07,1196401.59,540730.79,546661.16,332150.15,298053.47,906213.12,549969.09,405649.99,898768.45,462459.14,772396.73,921974.44,370492.4,0.0,1110050.42,730227.53,679481.82,547238.9,1344303.44,705406.01,682920.75,468584.3,762917.57,861785.28,664422.43,654239.06,947437.11,795221.36,418066.34
Mercado,Clientes Potenciais,Índice de Clientes Potenciais,,,,0.0,0.0,0.0,0.0,0.0,0.0,0.0,0.0,0.0,0.0,7.2315,7.0409,9.4949,6.0909,5.3449,6.3385,6.7869,6.7169,5.7568,5.3147,7.0675,6.7693,5.6677,6.3747,6.2731,5.7452,4.9562,7.44,6.4855,6.4792,5.8206,7.4564,5.5135,5.8253,6.6989,6.7047,5.6024,5.1934,3.2575,8.7761,6.3302,6.0015,6.3292,4.8486,5.8919,6.8024,5.1541,5.318,5.7212,6.4908,5.0629,6.0131,5.7007,5.6059,7.6049,6.4309,6.7026,6.4236,5.0471,5.6983,5.7779,5.3231,6.0216,7.2283,6.5973,4.887,6.3874,5.367,8.1683,5.3311,5.0359,5.1157,6.6083,4.384,5.6255,6.2698,4.8611,6.3354,4.7137,6.1121,6.6709,4.8397,5.8346,6.6499,5.177,6.4532,4.3133,6.7285,5.2244,4.4788,6.0848,5.5228,6.0212,4.9031,4.5112,4.2651,6.1574,6.9289,6.3455,6.002,8.5277,5.2218,6.1512,4.4933,6.5246,5.4084,6.0078,6.0272,7.7912,6.1739,5.0079
Ambiente Regulatório,Complexidade Burocrática,Atualização de Zoneamento,MUNIC/IBGE,Anos,2018 (atualizado),3.0,17.0,1.0,26.0,17.0,5.0,16.0,19.0,5.0,19.0,4.0,44.0,0.0,4.0,3.0,24.0,6.0,20.0,24.0,12.0,21.0,0.0,13.0,32.0,28.0,2.0,13.0,0.0,15.0,13.0,14.0,8.0,45.0,5.0,10.0,4.0,13.0,7.0,9.0,42.0,0.0,10.0,0.0,6.0,5.0,3.0,0.0,5.0,34.0,21.0,0.0,0.0,0.0,16.0,4.0,6.0,23.0,12.0,0.0,6.0,10.0,28.0,4.0,8.0,14.0,9.0,9.0,0.0,0.0,11.0,11.0,0.0,13.0,21.0,0.0,12.0,0.0,38.0,12.0,21.0,0.0,0.0,0.0,10.0,0.0,21.0,0.0,0.0,0.0,13.0,14.0,13.0,17.0,9.0,3.0,4.0,0.0,0.0,27.0,0.0,12.0,0.0,22.0,10.0,24.0,0.0,0.0,25.0,0.0,0.0,11.0
Ambiente Regulatório,Complexidade Burocrática,Simplicidade Tributária,SICONFI,Índice,2021.0,0.0,0.0,0.0,0.0,0.0,0.0,0.0,0.0,0.0,0.0,0.087,0.0495,0.0429,0.0355,0.0294,0.0418,0.0183,0.0459,0.0322,0.0426,0.0224,0.037,0.0446,0.059,0.0267,0.0093,0.0191,0.0187,0.0255,0.0259,0.0158,0.0316,0.0228,0.0078,0.0311,0.0367,0.0428,0.0208,0.0208,0.0618,0.0265,0.0566,0.0425,0.0189,0.0299,0.0299,0.0269,0.054,0.0269,0.0094,0.0093,0.023,0.0191,0.0053,0.028,0.0506,0.0065,0.0106,0.0311,0.0265,0.0116,0.0443,0.0442,0.0132,0.0115,0.0503,0.0591,0.0443,0.027,0.0141,0.0135,0.0108,0.0327,0.039,0.0238,0.016,0.0129,0.0396,0.0192,0.0397,0.0339,0.0177,0.0104,0.0247,0.0107,0.0293,0.0599,0.0143,0.0253,0.0202,0.0173,0.0095,0.0134,0.1015,0.0181,0.0323,0.1044,0.027,0.0218,0.0302,0.0317,0.0024,0.026,0.0199,0.0396,0.0262,0.0175,0.0315,0.0112,0.01,0.0214
Ambiente Regulatório,Complexidade Burocrática,CNDs Municipais,Websites das prefeituras.,Binária,2022.0,1.0,1.0,1.0,1.0,1.0,1.0,1.0,1.0,1.0,1.0,1.0,0.0,0.0,1.0,1.0,1.0,1.0,1.0,1.0,1.0,1.0,1.0,0.0,1.0,1.0,0.0,1.0,0.0,1.0,0.0,1.0,1.0,1.0,1.0,1.0,1.0,1.0,1.0,1.0,1.0,1.0,1.0,0.0,1.0,1.0,1.0,1.0,1.0,0.0,1.0,0.0,1.0,1.0,1.0,1.0,1.0,0.0,0.0,1.0,1.0,0.0,1.0,1.0,0.0,1.0,1.0,1.0,1.0,1.0,0.0,0.0,0.0,1.0,0.0,0.0,1.0,1.0,1.0,0.0,0.0,1.0,1.0,1.0,1.0,1.0,1.0,1.0,1.0,1.0,1.0,0.0,1.0,1.0,1.0,1.0,0.0,1.0,0.0,1.0,1.0,0.0,1.0,1.0,0.0,1.0,1.0,1.0,0.0,1.0,1.0,1.0
Ambiente Regulatório,Complexidade Burocrática,Índice de Complexidade Tributária,,,,0.0,0.0,0.0,0.0,0.0,0.0,0.0,0.0,0.0,0.0,8.9839,5.3547,5.0309,7.4794,7.7809,6.4603,6.495,6.6285,6.1773,6.7247,5.9272,6.0792,5.5236,6.9011,5.982,6.9368,6.0007,4.324,6.126,4.9791,5.8709,6.6439,5.7923,6.3805,6.4837,7.5148,6.6924,6.4292,6.2463,6.9414,5.7703,7.2274,5.0195,6.5106,7.0259,7.7963,5.7817,7.7309,4.7325,5.547,4.0496,5.6698,5.5556,5.5134,7.2597,7.4373,4.2186,4.5677,5.9058,6.7353,4.6922,6.499,7.7327,4.8831,5.7461,7.1083,7.3649,6.2905,5.7846,4.714,4.6955,4.0915,6.3968,5.1923,4.4726,5.9465,5.374,6.3072,4.8188,5.2131,5.9867,5.5153,5.301,6.2956,5.3104,6.1288,6.7474,5.4142,5.7362,6.0315,4.6957,5.7182,5.7288,8.6047,7.4522,6.1636,8.0471,4.5668,5.8482,5.8796,5.1839,5.0669,6.0192,4.9351,6.3943,5.7625,5.507,4.9286,5.3243,5.2899,6.1467
Infraestrutura,Condições Urbanas,Acesso à Internet Rápida,ANATEL,Acessos/hab.,2021.0,2.46,4.7,2.02,264.0,1.37,3.65,363.0,2.05,2.8,3.08,3.68,3.05,3.11,2.03,2.46,3.93,2.14,4.13,1.71,3.47,1.92,4.04,3.07,3.85,2.18,1.03,1.67,1.93,3.03,2.9,2.5,3.14,3.15,1.99,3.9,4.01,4.13,0.71,4.12,3.56,3.86,2.42,2.66,1.21,3.36,3.81,2.5,4.02,3.95,2.62,1.07,2.37,3.62,1.91,4.38,5.42,1.3,1.87,3.0,2.23,2.05,3.87,3.24,2.31,1.7,4.25,4.79,2.45,3.98,2.11,1.67,2.39,3.89,2.41,1.92,1.2,1.94,4.47,1.94,2.56,3.8,1.45,1.44,4.32,1.13,3.56,3.84,3.81,3.55,2.12,1.98,4.04,0.85,4.51,3.7,3.46,4.07,3.12,2.28,2.84,1.57,0.97,3.98,2.26,2.27,2.48,1.66,3.28,0.89,2.41,3.78
Infraestrutura,Condições Urbanas,Custo da Energia Elétrica,ANEEL e operadoras,R$/kwh,2022.0,0.62,0.62,0.62,62.0,0.62,0.62,62.0,0.62,0.62,0.62,0.59,0.8,0.57,0.75,0.73,0.62,0.8,0.56,0.74,0.64,0.77,0.63,0.64,0.68,0.64,0.84,0.75,0.82,0.81,0.67,0.63,0.59,0.6,0.8,0.64,0.59,0.68,0.74,0.62,0.59,0.62,0.62,0.68,0.75,0.83,0.53,0.64,0.56,0.62,0.55,0.77,0.61,0.64,0.54,0.84,0.53,0.8,0.84,0.61,0.59,0.8,0.69,0.64,0.62,0.58,0.56,0.62,0.59,0.62,0.64,0.62,0.57,0.68,0.59,0.64,0.74,0.61,0.68,0.64,0.62,0.61,0.74,0.73,0.53,0.74,0.56,0.68,0.64,0.63,0.75,0.62,0.62,0.74,0.62,0.56,0.56,0.62,0.64,0.67,0.62,0.75,0.77,0.83,0.67,0.64,0.59,0.83,0.68,0.77,0.64,0.64
Infraestrutura,Condições Urbanas,Taxa de Homicídios,DATASUS,Ocorrências/100 mil habitantes,2020.0,1.65,0.06,3.85,11.0,0.22,0.0,232.0,0.79,2.98,0.2,2.43,16.09,14.64,44.72,48.75,15.81,36.3,14.51,46.3,28.54,24.1,21.71,7.9,13.08,36.2,41.33,41.97,36.69,17.69,34.24,40.41,7.77,35.48,30.89,8.27,7.87,9.86,39.08,5.94,11.83,10.5,13.21,49.81,82.52,19.4,12.24,31.57,19.97,12.81,31.15,43.86,38.01,20.81,41.54,15.67,13.55,27.56,26.04,28.51,8.72,26.83,9.8,9.44,26.44,30.01,9.62,5.3,12.11,9.37,49.59,7.9,25.61,7.56,9.37,24.71,30.73,42.43,11.0,13.45,7.55,34.37,44.67,81.59,8.19,40.9,16.16,6.69,15.73,11.34,56.16,19.62,13.81,27.01,11.29,19.64,17.93,9.85,5.61,33.83,7.08,78.59,15.57,7.81,66.49,9.23,5.04,21.7,11.38,53.19,18.91,18.94
Infraestrutura,Condições Urbanas,Preço Médio do m²,ZapImóveis,R$/m²,2022.0,0.0,0.0,0.0,0.0,0.0,0.0,0.0,0.0,0.0,0.0,5761.17,4253.0,1343.34,2715.69,3355.1,4005.26,1547.73,2789.36,6278.23,1895.99,1829.89,2388.15,2552.96,1796.34,3264.8,1714.99,3391.7,1148.03,827.35,1745.92,2638.08,3077.51,3755.26,2251.87,2155.61,4317.44,2074.4,3165.39,2318.75,3993.53,1626.86,2950.76,2902.42,1179.34,844.7,1867.42,1575.72,1642.71,1240.73,1510.45,1784.45,1732.74,784.07,1810.68,3777.3,3512.08,624.95,2138.34,3051.24,2535.84,1468.57,1843.83,1716.9,1004.99,1705.03,1387.97,5863.25,2696.66,1907.08,1013.88,1932.35,2261.66,957.53,1786.62,1806.42,2741.24,1098.75,1179.12,871.34,3308.11,4392.2,1722.74,1972.18,951.31,1318.93,301.94,2076.03,2574.76,1083.57,1916.71,1116.57,1388.37,2422.81,4556.53,843.13,1124.13,4868.49,1384.82,1359.17,637.28,1490.34,4812.76,1686.23,611.24,1372.94,2301.65,370.72,2388.96,896.61,1214.94,942.56
Infraestrutura,Condições Urbanas,Índice de Condições Urbanas,,,,0.0,0.0,0.0,0.0,0.0,0.0,0.0,0.0,0.0,0.0,8.7733,5.0526,6.6626,4.6833,4.846,6.234,4.8068,6.8311,4.426,5.9876,4.8729,6.2313,6.3939,6.2488,5.221,4.1881,4.4852,4.8746,5.8203,5.5831,5.463,6.6228,5.8232,4.6116,6.735,6.8614,6.4761,4.2102,7.2388,6.3918,6.7487,5.8264,5.1991,4.7149,5.8471,7.1563,5.6871,6.8706,6.8389,6.3407,4.4216,5.6981,6.7643,5.9628,5.4811,7.4933,5.3896,4.5138,5.7868,6.232,4.879,6.4003,6.4652,6.0824,5.6914,7.4486,7.4047,6.0589,6.8031,5.7427,6.069,5.949,7.1004,6.386,5.4596,4.4911,5.8052,6.8471,6.2414,6.2549,5.9587,4.7019,4.5781,8.0969,4.7513,9.1449,6.7137,6.1726,6.7954,4.8161,5.9645,6.7554,4.4336,6.6036,7.2564,6.941,6.5087,7.082,5.5127,7.5222,4.7013,4.3805,6.121,6.168,6.2418,6.9762,6.4804,5.9938,4.8114,5.9392,6.667
Mercado,Desenvolvimento Econômico,Índice de Desenvolvimento Humano,Atlas do Desenvolvimento Humano no Brasil,Índice,2010.0,777.0,675.0,757.0,699.0,708.0,0.69,675.0,704.0,786.0,706.0,0.805,0.799,0.824,0.759,0.754,0.81,0.737,0.823,0.772,0.799,0.746,0.805,0.763,0.805,0.768,0.739,0.721,0.711,0.784,0.763,0.751,0.805,0.763,0.713,0.807,0.815,0.8,0.717,0.789,0.776,0.798,0.756,0.77,0.712,0.785,0.809,0.718,0.778,0.778,0.736,0.718,0.739,0.782,0.733,0.837,0.847,0.684,0.716,0.8,0.766,0.719,0.797,0.783,0.749,0.752,0.808,0.84,0.757,0.822,0.727,0.77,0.72,0.785,0.749,0.737,0.735,0.718,0.801,0.714,0.768,0.845,0.677,0.682,0.806,0.697,0.763,0.78,0.75,0.739,0.678,0.684,0.772,0.732,0.754,0.782,0.758,0.751,0.8,0.788,0.775,0.694,0.691,0.745,0.72,0.765,0.769,0.734,0.762,0.668,0.736,0.784
Mercado,Desenvolvimento Econômico,Crescimento Real Médio do PIB,IBGE,% crescimento,2019.0,8.52,9.61,9.15,1014.0,12.07,12.95,1078.0,12.79,15.41,11.14,-0.015300000000000001,-0.0248,-0.0027,-0.0375,-0.013300000000000001,-0.0207,0.0106,-0.0066,-0.018500000000000003,-0.0102,-0.020499999999999997,-0.010700000000000001,0.0163,-0.0087,-0.0076,-0.0236,-0.0209,-0.0229,0.0054,-0.0095,-0.0053,0.0052,-0.0168,-0.025099999999999997,-0.0366,-0.0116,0.0024,-0.0404,-0.0029,-0.025699999999999997,0.0144,-0.0049,-0.032400000000000005,-0.009000000000000001,-0.0178,0.0535,0.0146,-0.0006,0.0321,0.014199999999999999,0.0126,0.075,0.0481,0.015700000000000002,0.2087,0.0022,-0.0461,0.1598,-0.0006,-0.0116,-0.0382,0.0088,-0.016399999999999998,-0.0128,0.0374,0.0089,-0.0361,-0.0084,-0.0017000000000000001,-0.0022,-0.018000000000000002,-0.009899999999999999,0.029500000000000002,0.0022,-0.006,-0.0219,0.056600000000000004,-0.0044,0.0011,-0.0218,-0.0363,0.0129,0.0425,-0.013500000000000002,0.0255,0.01,-0.0076,-0.0426,-0.0015,-0.0007000000000000001,0.0086,-0.0029,0.0063,0.016399999999999998,-0.0011,0.08410000000000001,-0.0103,0.0034000000000000002,0.0331,0.0006,0.0067,-0.0144,-0.0281,0.005600000000000001,-0.0067,-0.024700000000000003,0.0016,0.0129,0.0956,0.0199,0.0375
Mercado,Desenvolvimento Econômico,Número de Empresas Exportadoras com Sede na Cidade,RAIS (ME),% empresas,2020.0,0.0,0.0,0.0,0.0,0.0,0.0,0.0,0.0,0.0,0.0,0.0131,0.0059,0.0015,0.0017000000000000001,0.0027,0.0054,0.019,0.0102,0.0019,0.0038,0.0084,0.0070999999999999995,0.024700000000000003,0.0125,0.0027,0.0039000000000000003,0.0016,0.0084,0.0037,0.0027,0.0004,0.0204,0.0012,0.0021,0.0137,0.0116,0.0084,0.0059,0.0044,0.0137,0.019299999999999998,0.0092,0.0006,0.0018,0.0016,0.0179,0.0067,0.0064,0.0028000000000000004,0.0060999999999999995,0.0087,0.0151,0.0296,0.0043,0.0036,0.0059,0.0044,0.001,0.0067,0.023399999999999997,0.002,0.0063,0.011000000000000001,0.0102,0.037000000000000005,0.0079,0.0103,0.045,0.0275,0.0021,0.0016,0.002,0.0174,0.0115,0.0070999999999999995,0.0011,0.0083,0.0078000000000000005,0.029300000000000003,0.0042,0.0078000000000000005,0.0005,0.0052,0.0147,0.009300000000000001,0.0086,0.018600000000000002,0.012,0.0058,0.0014000000000000002,0.0036,0.006,0.0027,0.0013,0.0067,0.0281,0.0021,0.01,0.0017000000000000001,0.031200000000000002,0.0175,0.0076,0.0068000000000000005,0.0045000000000000005,0.0161,0.0216,0.0040999999999999995,0.0168,0.0031,0.0163,0.0031
Mercado,Desenvolvimento Econômico,Índice de Desenvolvimento Econômico,,,,0.0,0.0,0.0,0.0,0.0,0.0,0.0,0.0,0.0,0.0,6.55,5.884,6.269,4.904,5.26,6.055,6.404,6.739,5.369,5.968,5.402,6.243,7.184,6.612,5.526,4.982,4.639,4.902,5.995,5.437,5.192,7.308,5.231,4.502,6.301,6.644,6.451,4.569,5.98,6.047,7.281,5.811,5.056,4.709,5.533,7.921,5.446,5.996,6.255,5.638,5.541,7.139,8.211,5.512,9.703,6.918,3.956,7.213,6.301,6.728,4.383,6.378,6.112,5.668,8.118,6.625,6.533,8.001,7.87,5.033,5.332,4.819,7.216,5.97,5.418,4.782,6.166,6.328,6.6,5.411,6.438,4.489,5.288,6.689,5.492,6.089,6.677,5.351,5.43,4.358,4.715,5.856,5.258,5.613,6.056,8.332,5.229,6.566,6.33,7.513,5.685,4.716,5.173,5.198,6.333,6.465,5.303,6.631,5.759,6.357,6.43
Acesso a Capital,Índice de Acesso a Capital,,,,,0.0,0.0,0.0,0.0,0.0,0.0,0.0,0.0,0.0,0.0,12.0227,7.3875,6.6214,6.06,5.9801,8.8917,5.5778,9.2637,6.3551,6.3581,5.9576,8.7167,5.6315,6.5048,5.7323,5.4159,5.8255,5.4629,5.9114,5.8341,5.8151,6.0456,5.8899,5.4591,5.7776,5.8929,6.4667,5.3719,5.9738,10.2779,5.8543,5.6349,6.1362,5.6448,6.2686,5.8789,5.3887,6.2469,5.8662,5.7087,5.4412,5.4162,5.8783,5.5822,6.0593,7.1397,5.3064,5.5422,5.627,5.5184,5.4143,6.2421,5.7156,5.5459,5.6413,6.0966,6.4253,5.6543,6.0517,5.6895,5.6655,5.687,6.2313,5.3727,5.6864,5.4362,5.448,5.9408,5.3761,5.5749,7.3203,5.5892,5.3469,6.1468,5.5573,5.7455,5.9131,5.6225,5.8113,5.6479,5.3087,5.741,5.3826,5.5925,5.964,5.5563,5.56,5.695,5.9729,5.768,5.4795,5.5112,5.7047,5.6358,5.5423,5.5346,5.5039,5.5107,5.4541,5.458,5.9075
Ambiente Regulatório,Índice de Ambiente Regulatório,,,,,0.0,0.0,0.0,0.0,0.0,0.0,0.0,0.0,0.0,0.0,7.6018,8.2967,6.1189,6.1878,6.5591,5.6218,6.4215,6.6335,4.9921,8.5059,3.9181,5.3081,5.07,5.6424,5.9357,7.3923,5.1999,5.7299,4.8865,4.464,5.3062,6.2602,5.3441,6.8215,6.4049,6.4271,6.1211,6.1571,6.3738,6.238,5.2534,6.885,6.3882,5.9461,5.2854,8.4226,7.63,7.2034,4.5591,5.7143,5.1985,6.4738,5.7078,7.5103,7.6142,7.8577,5.992,6.2173,5.7754,6.3013,4.769,6.0512,6.6801,6.3957,6.6533,6.8525,5.9013,5.8266,6.1424,4.7901,5.0583,4.4185,5.9701,2.8338,7.2091,5.0775,6.5073,6.0381,4.4537,4.3126,6.0352,5.0321,5.8714,7.1388,5.0684,6.4117,6.085,5.4885,5.1984,5.1704,5.2907,6.2468,6.0983,7.5669,7.3298,7.4237,6.3177,4.9277,4.7657,5.7346,5.3659,7.1435,6.3084,4.9819,6.3352,5.2225,5.5721,5.2258,6.9014,6.2038,5.7212
Capital Humano,Índice de Capital Humano,,,,,0.0,0.0,0.0,0.0,0.0,0.0,0.0,0.0,0.0,0.0,6.0466,6.2624,6.294,5.8263,4.9353,7.1225,4.5521,6.5728,7.1281,5.9979,5.7248,7.4233,5.3361,7.1241,5.9626,4.5227,5.4806,4.9125,6.1788,6.6148,7.1643,6.9743,6.5089,5.7503,7.08,7.1435,6.5625,3.9831,6.6168,6.1437,6.7769,5.381,5.7856,6.0733,6.471,7.088,4.4692,6.2763,6.8704,5.0546,4.8647,5.5713,6.0068,5.3745,7.2162,9.1114,3.348,6.2014,7.3488,5.2821,4.9076,7.0683,6.7057,5.0122,5.5278,6.2731,6.9403,5.6117,7.0873,5.4431,6.4287,6.2653,6.7151,5.1918,5.2937,5.4983,5.5003,7.3553,4.867,5.1123,8.0447,6.1864,3.0403,5.961,6.0296,6.3706,6.9812,5.3622,6.7742,6.0658,4.1719,6.0553,4.7913,6.9056,6.4981,5.2903,5.4974,6.677,6.4237,7.2932,5.0224,6.0291,5.5463,6.4222,6.3043,5.8246,5.2322,4.2047,4.7958,5.2265,7.6502
Cultura,Índice de Cultura,,,,,0.0,0.0,0.0,0.0,0.0,0.0,0.0,0.0,0.0,0.0,6.2031,6.2145,7.9831,6.2227,6.4489,5.7754,7.0422,6.4453,6.1426,6.7504,7.0678,6.3021,3.4127,5.7184,7.1562,5.8215,7.4116,6.0037,6.4263,7.0284,6.9724,6.0682,6.8166,6.0939,6.1141,6.1647,5.9773,6.0098,5.5336,5.5907,6.0027,5.8062,7.1569,6.1545,6.7456,6.2823,6.5155,6.072,5.6087,7.1808,7.3204,6.6414,6.441,8.5471,6.2864,6.6076,5.6881,3.4127,7.1179,4.8022,5.839,3.4127,5.8744,5.5187,8.657,6.3936,5.5894,6.0946,6.484,7.4011,5.5013,6.6539,5.9092,3.4127,6.1064,5.7237,3.4127,5.2071,4.8815,4.8799,3.4127,6.2025,5.3388,6.3482,6.3845,5.6075,5.8369,5.9618,5.751,5.3657,5.101,4.9067,5.8435,5.6454,5.981,5.7936,5.1884,5.7165,8.2751,5.1297,5.6995,6.8181,5.939,6.6374,5.4728,4.4024,5.942,4.7476,6.3789,5.8939,6.0162
Infraestrutura,Índice de Infraestrutura,,,,,0.0,0.0,0.0,0.0,0.0,0.0,0.0,0.0,0.0,0.0,10.0455,5.7321,7.874,6.6984,6.3608,6.0737,4.7164,7.0596,6.7781,6.4847,4.7206,7.5073,7.5551,7.3568,5.5345,5.5238,5.0405,6.2575,5.5139,6.3701,5.2463,7.3198,5.4733,5.6989,6.3554,6.7339,6.1607,5.7918,6.4167,6.2037,7.2713,4.9956,4.6083,4.9348,5.461,6.2846,5.0225,6.2863,6.5874,5.5707,4.4984,5.7207,5.7694,5.2102,7.1631,7.1259,6.0594,4.9857,6.0438,5.9025,5.6027,5.7729,7.2062,5.4966,4.9041,6.5525,7.7693,5.8805,6.2563,5.1034,5.3424,5.304,7.5069,6.0408,5.3169,5.8979,5.3361,5.9218,7.3077,5.6054,5.1602,4.5253,4.6904,6.814,4.3679,7.8172,6.0247,6.4439,6.1925,4.4432,4.9429,5.6866,5.644,5.7866,6.3812,6.2563,7.5768,6.1382,4.9324,7.9806,4.76,3.8909,6.3099,5.8237,7.2268,6.3448,5.7785,5.9212,4.0955,5.8543,5.9603
Inovação,Índice de Inovação,,,,,0.0,0.0,0.0,0.0,0.0,0.0,0.0,0.0,0.0,0.0,7.9337,7.2981,6.37,6.0601,6.3537,7.2762,6.3805,7.5808,7.0721,5.9666,6.281,7.377,6.0908,7.9925,5.8481,4.6969,5.675,5.5115,5.7262,6.0021,5.2639,6.6303,6.2949,4.8772,7.7115,6.5525,6.686,4.7431,6.6025,6.4425,7.0346,5.4491,5.5428,5.2672,6.0837,7.8452,5.53,6.6163,6.0003,6.2624,4.8247,5.6244,7.8682,4.8815,6.0804,8.3345,4.54,5.3974,5.5347,5.945,4.6324,7.0597,5.7143,5.8113,4.8794,6.9524,5.0225,7.0492,6.4425,4.6618,5.059,7.9927,6.7833,5.5405,5.3617,5.4306,4.838,6.7736,5.6407,4.5178,7.3662,4.958,5.0532,7.7946,4.7452,5.6142,5.8984,6.4273,6.4367,4.8024,4.3936,5.8851,4.7637,4.0342,6.5308,6.8644,5.7814,5.825,5.6292,8.0566,6.0192,4.4371,5.2236,5.4744,5.2847,6.0288,5.1628,5.5199,4.8204,5.7331,7.3129
Mercado,Índice de Mercado,,,,,0.0,0.0,0.0,0.0,0.0,0.0,0.0,0.0,0.0,0.0,7.1474,6.5954,8.4244,5.3525,5.1017,6.2535,6.7672,6.9375,5.437,5.5379,6.3026,6.6523,6.5486,6.6357,5.8703,5.1799,4.4514,6.2205,6.3095,5.9458,5.364,7.7803,5.1914,4.9225,6.644,6.8685,6.0343,4.559,4.2206,7.8182,7.038,5.8789,5.6039,4.4271,5.6298,7.7542,5.098,5.5583,5.9845,6.0831,5.1006,6.7421,7.2314,5.432,9.4186,6.8691,5.136,7.0544,5.5803,6.2746,4.8156,5.8074,6.0859,6.5773,7.7487,5.6858,6.5929,6.8811,8.6009,4.9462,4.9491,4.6699,7.1748,4.9398,5.384,5.3895,5.3735,6.4271,5.5581,5.6926,6.7145,4.2795,5.4348,6.8625,5.1424,6.3494,5.3495,6.0514,5.1334,3.9625,5.2272,5.6,5.5356,5.0439,5.0774,6.3849,5.6046,6.9628,6.4352,6.9757,7.4251,4.6719,5.5646,4.5128,6.5523,5.9186,5.556,6.4237,6.9986,6.3418,5.6381
Cultura,Iniciativa,Pesquisas por Empreendedora,Google Trends,Pontos ponderados por período e local,2022.0,0.0,0.0,0.0,0.0,0.0,0.0,0.0,0.0,0.0,0.0,18.24,27.0,67.0,58.32,79.0,32.76,89.0,56.0,47.45,48.97,69.0,38.48,0.0,16.53,92.0,27.9,67.89,30.15,64.0,57.96,85.0,18.81,65.0,23.85,23.37,18.81,17.1,54.02,32.76,17.67,17.67,30.68,85.0,81.0,68.0,46.8,59.0,45.36,32.24,82.0,75.0,42.34,52.0,93.0,32.4,60.0,0.0,0.0,58.0,12.54,0.0,0.0,17.1,29.64,82.0,45.92,15.96,16.53,57.0,0.0,0.0,61.1,15.96,0.0,38.35,0.0,0.0,0.0,18.24,0.0,0.0,68.62,0.0,52.2,73.0,0.0,15.39,0.0,0.0,0.0,0.0,0.0,0.0,12.54,36.96,0.0,17.67,0.0,100.0,0.0,0.0,0.0,0.0,63.0,0.0,0.0,0.0,0.0,0.0,0.0,28.08
Cultura,Iniciativa,Pesquisas por Empreendedorismo,Google Trends,Pontos ponderados por período e local,2022.0,64.0,0.0,59.0,0.0,0.0,0.0,0.0,54.0,68.0,0.0,29.28,31.36,50.16,23.75,23.76,28.14,39.2,37.4,29.4,37.7,56.98,32.49,0.0,0.0,63.18,33.04,62.25,32.48,21.12,51.46,46.41,30.5,52.65,35.84,32.94,29.89,26.23,34.3,29.48,29.89,28.67,30.15,36.26,25.65,36.96,31.86,41.6,41.25,30.82,72.09,66.99,44.46,35.34,100.0,38.64,34.22,34.72,0.0,47.88,31.11,33.6,0.0,41.48,32.83,67.0,45.65,30.5,28.06,28.06,65.0,36.18,65.0,25.62,0.0,40.3,35.28,0.0,0.0,28.67,31.11,0.0,34.3,26.64,34.81,41.16,42.9,0.0,38.76,31.35,20.9,46.23,30.82,42.14,26.23,46.75,40.15,28.06,34.77,78.85,27.45,29.45,71.61,27.44,62.0,33.55,0.0,36.96,0.0,60.06,33.06,38.76
Cultura,Iniciativa,Pesquisas por MEI,Google Trends,Pontos ponderados por período e local,2022.0,0.0,0.0,0.0,0.0,0.0,0.0,0.0,0.0,0.0,0.0,68.4,63.0,80.0,64.5,61.5,50.73,62.37,62.32,63.7,77.19,65.86,60.0,0.0,69.35,51.84,62.0,71.0,62.0,73.04,60.83,54.0,69.35,72.0,66.0,68.4,65.55,66.5,70.0,43.61,60.8,69.35,59.63,69.0,54.0,61.32,77.22,80.51,53.3,48.06,44.85,74.0,73.15,74.0,45.08,66.0,82.17,60.0,0.0,75.05,0.0,68.0,0.0,69.35,49.84,55.0,62.32,56.05,57.0,65.55,43.0,43.61,64.8,63.65,0.0,63.08,65.8,0.0,71.25,54.15,67.45,0.0,60.9,55.5,71.28,56.0,47.56,70.3,69.0,60.0,48.0,42.72,0.0,64.4,75.05,41.0,63.14,56.05,71.25,76.0,66.5,56.25,63.64,71.0,47.74,60.8,0.0,56.28,60.8,59.2,62.0,57.0
Cultura,Iniciativa,Índice de Iniciativa,,,,0.0,0.0,0.0,0.0,0.0,0.0,0.0,0.0,0.0,0.0,5.9222,5.9808,7.3594,6.283,6.5151,5.7247,7.0395,6.5234,6.2427,6.7484,7.2451,6.1074,3.5077,5.2308,7.4196,6.0117,7.463,6.0307,6.4856,6.8496,6.972,5.9793,7.2177,6.1051,6.0816,5.8836,5.7935,6.5869,5.6036,5.7654,5.92,5.9328,7.0552,6.4274,6.6635,6.5809,7.0548,6.268,5.723,7.3357,7.7405,6.7255,6.6681,8.1534,6.2933,6.9315,5.6085,3.5077,7.0709,4.4176,5.7537,3.5077,6.2126,5.771,7.4338,6.5726,5.6535,5.6247,6.3877,5.955,5.2916,7.2975,5.7018,3.5077,6.3549,5.746,3.5077,5.0347,5.6025,5.6835,3.5077,6.601,5.3224,6.6002,6.7197,5.5339,5.2348,5.8963,5.5294,5.027,5.5084,4.2311,5.877,5.9114,6.0132,5.8033,5.6207,5.8508,8.4198,5.5772,5.4045,6.5525,5.6734,6.8886,5.5982,3.5077,5.5814,4.8107,6.1862,5.6124,6.0413
Inovação,Inputs, Média de Investimentos do BNDES e FINEP, BNDES e FINEP, Valor investido/empresa,2021.0,71717.66,284285.71,901106.57,3811181.0,173275.86,44050.0,571000.0,2280439.37,446680.11,938757.9,32640.93,4145.11,4353.48,32.06,195.39,5159.22,1335.45,341.67,3086.42,68.24,28.71,2923.89,1069.17,2322.42,6.99,0.0,0.0,2183.83,17.01,5295.54,12.4,1357.36,29.3,0.0,2069.0,0.0,681.43,0.0,113.52,15360.11,7145.39,0.0,10.01,0.0,11507.53,15689.96,0.0,230.1,0.0,0.0,0.0,202.19,2126.96,255.36,9.35,6123.27,0.0,0.0,0.0,0.0,0.0,143.57,0.0,0.0,0.0,108.11,0.0,282.6,281.55,0.0,0.0,2338.49,0.0,0.0,0.0,0.0,0.0,26168.26,0.0,0.0,220.84,0.0,0.0,22166.7,32.54,0.0,0.0,0.0,53.5,0.0,0.0,3485.46,0.0,0.0,0.0,25380.71,74019.21,0.0,205.25,6860.51,0.0,0.0,0.0,9.51,0.0,0.0,0.0,0.0,0.0,0.0,19.87
Inovação,Inputs,Proporção de Mestres e Doutores em C&T,CAPES e RAIS,Titulados/mil empresas,2020.0,0.0,0.0,0.0,0.0,0.0,0.0,0.0,0.0,0.0,0.0,5.46,17.62,10.24,8.81,15.08,15.02,16.12,19.99,34.89,10.1,41.39,23.5,0.0,34.13,13.76,0.0,14.03,5.72,11.43,26.22,18.19,4.61,22.34,0.0,29.53,12.31,10.68,0.0,18.93,0.0,10.92,0.0,2.38,8.09,12.53,7.65,0.0,16.08,13.18,5.0,7.51,1.75,4.24,7.29,27.56,43.5,0.0,23.28,4.47,0.0,0.0,5.45,5.21,0.0,10.78,27.23,1.37,8.73,0.0,7.95,5.2,54.72,24.41,0.0,6.46,0.0,0.0,14.53,0.0,0.0,24.37,4.71,0.0,4.9,7.74,17.58,1.7,5.92,20.78,9.36,0.0,6.64,0.0,0.0,6.77,0.0,0.0,4.8,15.85,2.51,0.0,11.13,0.0,33.19,0.0,0.0,0.0,0.0,4.92,0.0,71.03
Inovação,Inputs,Contratos de Concessão,INPI,Contratos/mil empresas,2018 + 2019,0.13,0.0,0.0,0.0,0.0,0.0,0.0,0.0,0.0,2.17,279.23,213.17,162.32,130.23,138.79,197.02,118.45,232.77,135.88,193.61,79.96,194.53,131.91,195.18,60.78,79.06,106.05,123.73,114.35,105.55,78.99,168.0,109.85,109.83,171.37,145.63,168.62,81.88,143.29,226.19,172.2,112.22,85.93,104.64,148.77,143.49,150.54,124.42,93.36,77.87,69.37,157.01,135.23,40.77,144.82,254.49,84.86,78.91,156.2,118.42,95.94,210.17,155.79,79.45,68.2,203.63,110.6,145.88,186.02,59.7,95.13,92.37,106.72,119.83,114.7,114.6,109.32,128.11,109.74,87.6,167.6,121.6,81.44,186.49,62.98,86.98,239.32,111.68,72.11,69.48,76.24,119.8,97.76,62.3,144.11,193.06,60.92,148.37,115.75,97.63,116.56,45.12,128.25,79.13,92.42,178.72,92.15,147.86,49.22,87.33,95.9
Inovação,Inputs,Infraestrutura Tecnológica,MCTIC e sites de internet,Binária ,2022.0,0.0,0.0,0.0,0.0,0.0,0.0,0.0,0.0,0.0,0.0,0.0,1.0,1.0,1.0,1.0,1.0,0.0,1.0,1.0,0.0,1.0,1.0,1.0,1.0,1.0,0.0,0.0,0.0,0.0,0.0,0.0,0.0,0.0,0.0,1.0,1.0,1.0,0.0,1.0,0.0,1.0,0.0,0.0,0.0,0.0,1.0,0.0,1.0,1.0,0.0,0.0,0.0,0.0,0.0,0.0,1.0,0.0,0.0,0.0,0.0,0.0,1.0,0.0,0.0,0.0,0.0,0.0,0.0,0.0,0.0,0.0,1.0,1.0,0.0,0.0,0.0,0.0,0.0,0.0,0.0,1.0,0.0,0.0,0.0,0.0,0.0,0.0,1.0,1.0,0.0,0.0,1.0,0.0,0.0,1.0,0.0,0.0,0.0,0.0,0.0,0.0,0.0,0.0,0.0,0.0,0.0,1.0,0.0,0.0,0.0,1.0
Inovação,Inputs,Proporção de Funcionários em C&T,RAIS (ME),% de funcionários,2020.0,0.0,0.0,0.0,0.0,0.0,0.0,0.0,0.0,0.0,0.0,0.0732,0.0699,0.0475,0.0479,0.0552,0.0733,0.13119999999999998,0.0753,0.0518,0.0455,0.0373,0.06570000000000001,0.08929999999999999,0.1072,0.0535,0.0537,0.041100000000000005,0.053899999999999997,0.044199999999999996,0.043899999999999995,0.0425,0.1434,0.0452,0.0342,0.1411,0.0766,0.064,0.0596,0.0698,0.0794,0.1283,0.0897,0.044500000000000005,0.0616,0.0466,0.15410000000000001,0.076,0.0662,0.0679,0.27140000000000003,0.0447,0.1043,0.1838,0.0262,0.0559,0.058499999999999996,0.0255,0.0382,0.044800000000000006,0.1176,0.0241,0.0764,0.0848,0.1673,0.024399999999999998,0.0726,0.0659,0.16079999999999997,0.10769999999999999,0.0296,0.0478,0.057699999999999994,0.1523,0.0545,0.07780000000000001,0.04190000000000001,0.051399999999999994,0.0967,0.1134,0.03,0.0664,0.0344,0.0741,0.109,0.030699999999999998,0.0924,0.049100000000000005,0.0964,0.0538,0.0349,0.0388,0.0536,0.038900000000000004,0.0373,0.0675,0.1456,0.0395,0.13,0.0364,0.1508,0.18309999999999998,0.030600000000000002,0.056299999999999996,0.0533,0.09369999999999999,0.0694,0.0432,0.11630000000000001,0.0799,0.1597,0.049800000000000004
Inovação,Inputs,Índice de Inputs,,,,0.0,0.0,0.0,0.0,0.0,0.0,0.0,0.0,0.0,0.0,7.9865,7.4564,6.6631,6.2004,6.5214,7.3262,6.2839,7.567,7.1767,5.8911,6.6906,7.401,6.3509,8.0541,5.8621,4.7814,5.2957,5.3845,5.3099,5.8957,5.2247,6.4281,5.6081,4.8495,8.0167,6.6683,6.7159,4.8534,6.7929,6.7615,7.5694,5.3459,4.826,5.2856,6.0988,7.826,5.5213,6.5375,6.2187,6.7955,4.8521,5.8751,6.5454,4.4775,6.1219,8.5236,4.5826,5.3374,5.4286,5.633,4.6557,6.9633,5.7916,5.7624,4.7657,6.7106,5.1686,6.4866,6.0771,4.6609,5.0084,7.4519,7.3808,5.1004,5.4537,4.9523,4.9936,7.0342,5.5305,4.6425,7.1157,5.0807,4.9757,7.1373,4.6913,5.6967,6.02,6.3891,6.162,4.8235,4.6312,6.2474,4.7973,4.5119,6.414,7.4896,7.5623,6.1122,5.3927,6.1164,6.1833,4.6523,5.1809,5.7635,5.2279,5.6805,5.6053,5.8475,4.9244,5.758,7.799
Cultura,Instituições,Pesquisas por Sebrae,Google Trends,Pontos ponderados por período e local,2022.0,0.0,0.0,0.0,0.0,0.0,0.0,0.0,0.0,0.0,0.0,38.76,22.62,76.0,55.68,43.89,33.5,62.0,36.98,28.08,40.87,72.0,38.4,0.0,30.78,59.4,19.5,54.0,22.23,48.8,69.0,55.04,31.92,52.8,22.23,32.49,34.2,31.35,23.92,20.5,33.06,33.06,26.5,58.0,45.82,52.92,37.13,34.77,30.53,27.0,58.08,72.0,34.16,48.0,100.0,23.4,47.0,20.67,0.0,35.84,35.91,22.62,0.0,41.04,20.0,93.0,33.11,33.63,36.48,37.05,77.0,33.0,45.65,34.2,0.0,34.16,23.92,0.0,39.33,33.06,29.64,0.0,21.84,33.63,39.01,29.64,23.65,40.47,29.76,31.68,41.76,21.5,23.5,25.48,27.93,26.23,32.68,0.0,33.06,73.0,0.0,41.18,61.92,25.74,48.99,39.33,35.34,44.1,0.0,50.4,33.12,35.04
Cultura,Instituições,Pesquisas por Franquia,Google Trends,Pontos ponderados por período e local,2022.0,67.0,0.0,0.0,0.0,0.0,0.0,0.0,0.0,53.0,0.0,66.75,70.31,83.0,39.68,37.24,50.4,49.0,56.8,45.1,52.26,37.74,46.72,0.0,69.42,35.84,41.87,49.0,46.61,37.96,42.77,48.95,63.19,36.21,53.72,63.19,72.98,57.85,35.2,49.7,64.97,56.96,43.4,54.0,35.84,48.0,48.36,34.32,50.4,49.7,55.3,37.0,50.4,40.15,64.0,65.57,52.26,50.56,0.0,62.64,56.07,47.4,0.0,69.42,43.4,74.0,57.6,72.09,80.99,80.1,75.0,49.7,29.07,60.52,0.0,38.22,37.95,0.0,58.74,0.0,0.0,0.0,44.0,24.99,41.34,48.95,48.0,56.07,43.07,40.15,39.04,32.9,54.6,37.4,74.76,56.0,43.2,65.86,72.09,57.75,56.96,49.92,51.06,56.09,39.95,58.74,60.52,35.0,64.08,49.58,40.88,43.8
Cultura,Instituições,Pesquisas por SIMPLES Nacional,Google Trends,Pontos ponderados por período e local,2022.0,0.0,0.0,0.0,0.0,0.0,0.0,0.0,0.0,55.0,0.0,53.46,30.68,77.0,28.08,51.0,33.6,60.0,53.72,35.51,56.7,35.2,46.61,0.0,46.98,49.28,22.42,53.68,25.96,42.09,44.2,30.78,44.55,48.1,22.42,44.55,49.41,53.46,22.11,31.2,0.0,46.98,35.2,45.56,36.72,61.0,40.28,36.0,40.29,24.0,47.52,36.8,53.07,42.66,55.0,33.04,34.2,19.47,0.0,66.12,0.0,27.73,0.0,0.0,24.8,66.0,49.77,0.0,45.36,46.17,59.0,28.8,45.14,43.74,0.0,37.8,27.47,0.0,0.0,0.0,0.0,0.0,33.5,23.12,43.32,35.51,43.45,65.61,38.71,35.55,28.8,0.0,29.6,24.12,0.0,45.03,41.87,0.0,0.0,59.22,0.0,28.8,48.0,37.17,45.5,0.0,0.0,62.0,0.0,51.2,38.71,38.71
Cultura,Instituições,Pesquisas por Senac,Google Trends,Pontos ponderados por período e local,2022.0,0.0,0.0,56.0,0.0,0.0,0.0,0.0,0.0,0.0,0.0,6.5,34.04,37.23,20.47,23.78,11.2,20.21,9.3,27.75,25.2,34.0,30.34,0.0,5.2,34.58,29.9,46.0,36.8,25.56,41.0,47.0,7.15,18.81,38.18,5.85,6.5,5.85,21.09,8.12,6.5,6.5,14.56,41.16,11.5,18.92,9.3,25.56,8.99,9.52,26.4,32.3,26.4,15.99,65.0,26.68,15.5,31.28,0.0,31.2,5.2,32.66,0.0,0.0,9.52,100.0,7.75,5.2,7.15,5.2,74.0,12.04,14.25,7.15,0.0,17.64,29.6,0.0,7.15,5.2,3.9,0.0,23.31,21.17,16.74,21.83,7.44,4.55,25.83,27.88,14.49,11.48,12.32,36.26,0.0,8.06,9.3,3.25,7.8,51.0,7.8,17.94,31.62,28.06,20.5,3.9,9.75,15.62,3.9,17.0,32.8,18.45
Cultura,Instituições,Índice Instituições,,,,0.0,0.0,0.0,0.0,0.0,0.0,0.0,0.0,0.0,0.0,6.4595,6.4223,8.3674,6.1356,6.3284,5.8532,6.919,6.3134,6.0253,6.6618,6.7616,6.4603,3.6302,6.2401,6.7531,5.6528,7.1897,5.9763,6.3155,7.083,6.8554,6.1489,6.3168,6.0714,6.1329,6.426,6.1638,5.4316,5.5199,5.4654,6.0851,5.703,7.1188,5.8629,6.7376,5.9497,5.914,5.8673,5.5416,6.8834,6.7409,6.4798,6.1608,8.6333,6.245,6.2103,5.8052,3.6302,7.03,5.3315,5.9438,3.6302,5.5513,5.3245,9.5594,6.1671,5.5749,6.5531,6.5218,8.678,5.7712,5.9314,6.1276,3.6302,5.8451,5.7349,3.6302,5.4753,4.2956,4.2117,3.6302,5.7795,5.435,6.0542,6.0027,5.7285,6.4587,6.032,6.0026,5.781,4.8022,5.7143,5.829,5.4222,5.9512,5.8088,4.8542,5.6165,7.8556,4.7873,6.0308,6.9849,6.212,6.3091,5.4111,5.49,6.3095,4.8357,6.5259,6.1882,5.989
Inovação,Outputs,Patentes,INPI,Patentes/mil empresas,2018 + 2019,0.77,0.0,0.7,0.0,0.0,0.0,0.0,1.35,1.15,0.0,7.74,7.76,4.81,5.22,5.33,9.79,3.56,12.06,7.94,4.63,6.69,8.12,4.8,15.26,8.14,1.73,8.56,6.1,6.38,6.09,3.51,6.27,17.87,1.42,10.96,6.67,5.24,2.27,6.09,6.83,6.6,5.91,6.57,1.38,2.73,12.9,1.29,7.69,3.96,10.0,1.8,4.85,18.11,5.92,6.44,10.94,1.11,6.27,4.47,4.11,2.97,3.38,3.04,7.1,1.87,8.68,2.36,6.6,6.89,2.36,1.73,30.06,4.8,11.16,4.17,3.11,2.53,5.86,6.52,3.22,10.72,0.46,2.79,8.49,3.87,4.63,4.32,6.6,12.44,1.36,1.56,6.64,3.14,0.38,8.46,6.77,0.43,4.07,5.45,5.8,7.01,1.46,1.86,3.04,3.66,6.42,1.28,2.17,3.69,2.57,10.05
Inovação,Outputs,Tamanho da Indústria Inovadora,RAIS (ME),% empresas,2020.0,0.0,0.0,0.0,0.0,0.0,0.0,0.0,0.0,0.0,0.0,0.011000000000000001,0.0042,0.0025,0.0017000000000000001,0.0046,0.006,0.011399999999999999,0.0091,0.0053,0.0079,0.0023,0.0075,0.030299999999999997,0.0096,0.0023,0.0059,0.0034000000000000002,0.0187,0.0043,0.002,0.0037,0.0233,0.002,0.0074,0.011000000000000001,0.0176,0.0137,0.0127,0.0085,0.0125,0.02,0.0264,0.0024,0.0088,0.004,0.0191,0.0246,0.013500000000000002,0.005,0.0031,0.009300000000000001,0.0111,0.0554,0.0014000000000000002,0.002,0.0023,0.0067,0.0034999999999999996,0.0055000000000000005,0.0444,0.0102,0.0163,0.0139,0.027200000000000002,0.0014000000000000002,0.0146,0.0009,0.077,0.015600000000000001,0.0062,0.0036,0.0096,0.0327,0.0194,0.013600000000000001,0.0051,0.0101,0.0127,0.0464,0.0023,0.0014000000000000002,0.0058,0.0168,0.0197,0.0026,0.0095,0.0127,0.0225,0.0068000000000000005,0.0051,0.0104,0.011000000000000001,0.0103,0.0017000000000000001,0.0159,0.0308,0.0017000000000000001,0.0137,0.0025,0.0403,0.025099999999999997,0.0053,0.0034999999999999996,0.0083,0.0197,0.0358,0.013300000000000001,0.0296,0.0034000000000000002,0.0271,0.006999999999999999
Inovação,Outputs,Tamanho da Economia Criativa,RAIS (ME),% empresas,2020.0,0.0,0.0,0.0,0.0,0.0,0.0,0.0,0.0,0.0,0.0,0.0208,0.0222,0.0152,0.0169,0.0154,0.0166,0.0149,0.0171,0.015700000000000002,0.0154,0.014199999999999999,0.0173,0.0096,0.0169,0.0147,0.0104,0.0146,0.0103,0.0176,0.015300000000000001,0.0123,0.0126,0.0144,0.0129,0.016399999999999998,0.0129,0.0181,0.0073,0.0158,0.0116,0.0144,0.0074,0.02,0.0123,0.0169,0.0139,0.009899999999999999,0.0151,0.0149,0.012,0.0066,0.0085,0.0124,0.0139,0.015600000000000001,0.0182,0.01,0.0139,0.011699999999999999,0.01,0.0106,0.0242,0.015,0.011899999999999999,0.014499999999999999,0.0152,0.0126,0.0072,0.0138,0.0118,0.012,0.015600000000000001,0.0108,0.0101,0.0102,0.0144,0.0076,0.0139,0.004699999999999999,0.0087,0.020099999999999996,0.0132,0.0088,0.0195,0.0102,0.0128,0.016,0.011200000000000002,0.013500000000000002,0.0116,0.005699999999999999,0.0127,0.0058,0.0042,0.0165,0.009000000000000001,0.0066,0.013300000000000001,0.0159,0.0541,0.0096,0.0076,0.0144,0.0123,0.011000000000000001,0.0095,0.0095,0.008100000000000001,0.0077,0.0106,0.0169
Inovação,Outputs,Tamanho das Empresas TIC,RAIS (ME),% empresas,2020.0,0.0,0.0,0.0,0.0,0.0,0.0,0.0,0.0,0.0,0.0,0.025,0.0184,0.0175,0.014499999999999999,0.0173,0.0215,0.0207,0.021099999999999997,0.0219,0.015700000000000002,0.0139,0.0236,0.0089,0.0207,0.0121,0.0092,0.0144,0.0102,0.0149,0.0173,0.0137,0.0187,0.014499999999999999,0.009899999999999999,0.0197,0.0155,0.0165,0.0087,0.0168,0.0148,0.013000000000000001,0.009000000000000001,0.015,0.013500000000000002,0.0183,0.0218,0.0126,0.017,0.0148,0.009899999999999999,0.0132,0.0128,0.0189,0.0109,0.0155,0.029500000000000002,0.0089,0.010700000000000001,0.0161,0.0092,0.0059,0.0176,0.011000000000000001,0.0062,0.0115,0.0209,0.0111,0.0105,0.02,0.0077,0.0141,0.0118,0.009899999999999999,0.0083,0.0102,0.019,0.0097,0.018000000000000002,0.004699999999999999,0.008100000000000001,0.023799999999999998,0.0105,0.0108,0.0292,0.0104,0.0118,0.0104,0.015700000000000002,0.0161,0.010700000000000001,0.0067,0.0083,0.011200000000000002,0.0062,0.0134,0.0105,0.006,0.01,0.015,0.0116,0.0088,0.0079,0.013500000000000002,0.0105,0.0087,0.0118,0.008,0.0068000000000000005,0.011399999999999999,0.0111,0.0155
Inovação,Outputs,Índice de Outputs,,,,0.0,0.0,0.0,0.0,0.0,0.0,0.0,0.0,0.0,0.0,7.5726,6.9329,6.0179,5.9102,6.1296,7.0227,6.4165,7.3425,6.7965,6.0474,5.8265,7.1335,5.8163,7.6132,5.8583,4.8201,6.1062,5.7163,6.1861,6.1081,5.4205,6.732,6.9348,5.0839,7.1334,6.3487,6.5468,4.8331,6.3161,6.0529,6.3349,5.6402,6.3326,5.3655,6.0552,7.5702,5.6136,6.5968,5.7819,5.6876,4.9846,5.4336,8.8931,5.4639,6.026,7.7731,4.7303,5.5534,5.7149,6.2657,4.8271,6.9872,5.6826,5.8902,5.1718,7.0424,5.0322,7.4445,6.7373,4.8759,5.2597,8.2157,6.061,6.0539,5.3714,5.9997,4.8676,6.3896,5.8082,4.6295,7.3988,5.0014,5.2817,8.1658,4.9993,5.5932,5.793,6.3974,6.6418,4.9723,4.4121,5.5412,4.9272,3.8699,6.5629,6.1014,4.0354,5.5657,5.9248,9.669,5.852,4.4711,5.3902,5.2692,5.4556,6.3724,4.8539,5.2688,4.9044,5.7507,6.6176
Ambiente Regulatório,Tempo de Processos,Taxa de Congestionamento em Tribunais,CNJ,% de processos,2021.0,86.8,0.0,86.98,0.0,84.55,0.0,0.0,92.71,87.92,0.0,0.9621,0.9641,0.9632999999999999,0.9642000000000001,0.9591,0.9403,0.9681000000000001,0.9661,0.9676,0.8456999999999999,0.9804999999999999,0.9599,0.9841,0.9863,0.9534999999999999,0.9819,0.9689,0.9419,0.9679000000000001,0.9556999999999999,0.9704,0.9811,0.9370999999999999,0.9825,0.9728,0.977,0.9781,0.9279999999999999,0.9537,0.9867,0.9882,0.9549,0.948,0.9656999999999999,0.9434999999999999,0.9595999999999999,0.8981999999999999,0.9759,0.9597,0.9423999999999999,0.9704,0.9656999999999999,0.963,0.9479000000000001,0.9747,0.9420000000000001,0.9861,0.9589,0.9662999999999999,0.9869,0.9873999999999999,0.9826999999999999,0.9848,0.9514,0.9334,0.9765999999999999,0.9838,0.9886,0.9756,0.96,0.9511,0.9344,0.9923000000000001,0.9848,0.8614,0.9564,0.9748,0.9790000000000001,0.9953,0.9952,0.9578,0.9643,0.9741,0.9699,0.9670000000000001,0.9777,0.9843000000000001,0.9748,0.9692000000000001,0.9768000000000001,0.9598,0.9386,0.9185,0.9904000000000001,0.9723,0.9758,0.9948999999999999,0.985,0.9525,0.9806,0.9908,0.9605,0.9776,0.9640000000000001,0.9894,0.9882,0.9523999999999999,0.9898,0.9776,0.9754,0.9647
Ambiente Regulatório,Tempo de Processos,Tempo de Viabilidade de Localização,REDESIM,Horas médias,2021.0,0.0,0.0,0.0,0.0,0.0,0.0,0.0,0.0,0.0,0.0,0.18,0.0,12.32,71.68,11.49,3.35,6.21,2.96,11.96,9.61,48.26,20.19,30.76,50.83,23.62,34.28,0.78,21.42,5.64,8.55,74.3,15.26,13.68,21.91,2.32,5.01,18.36,31.94,5.14,20.89,45.42,22.01,18.6,39.94,9.01,70.87,22.41,21.6,41.15,10.87,37.41,7.52,25.53,19.89,16.26,15.13,31.79,11.17,6.43,11.13,22.85,0.0,25.97,12.46,13.55,0.0,6.67,44.95,0.0,10.49,28.21,16.26,13.01,21.06,0.0,33.2,11.48,6.97,32.12,8.21,3.32,36.3,43.51,46.31,27.75,20.16,24.56,16.05,23.28,52.64,32.46,47.83,43.22,15.76,2.78,20.49,20.8,8.36,20.4,4.74,112.5,18.46,10.36,18.17,13.29,26.0,13.81,70.2,23.0,6.23,20.72
Ambiente Regulatório,Tempo de Processos,"Tempo de Registro, Cadastro e Viabilidade de Nome",REDESIM,Horas médias,2021.0,0.0,0.0,0.0,0.0,0.0,0.0,0.0,0.0,0.0,0.0,37.68,34.74,25.75,53.97,49.73,41.92,26.24,17.68,45.13,13.93,28.99,43.17,37.68,37.68,26.27,34.74,35.16,34.74,27.43,28.99,24.46,37.68,62.27,34.74,37.68,37.68,37.68,45.13,41.92,37.68,37.68,41.92,9.95,53.97,25.37,11.32,13.93,17.68,41.92,30.15,28.99,19.2,43.17,30.73,34.74,11.32,34.74,34.74,19.2,37.68,34.74,37.68,37.68,41.92,21.81,17.68,37.68,37.68,37.68,49.32,41.92,62.27,37.68,37.68,13.93,45.13,19.2,37.68,37.68,37.68,19.2,45.13,49.73,11.32,45.13,17.68,37.68,43.17,43.17,53.97,41.92,41.92,45.13,37.68,17.68,17.68,37.68,37.68,36.84,37.68,53.97,28.99,34.74,28.99,37.68,37.68,25.37,37.68,28.99,43.17,43.17
Ambiente Regulatório,Tempo de Processos,Índice de Tempo de Processos,,,,0.0,0.0,0.0,0.0,0.0,0.0,0.0,0.0,0.0,0.0,5.8667,11.056,6.1355,5.4897,5.6457,6.1611,6.0175,6.6291,5.5337,9.9017,5.655,5.7218,5.3375,5.2943,6.3151,5.4504,5.7207,6.2755,5.9707,6.1594,6.054,5.3979,5.9865,5.4386,5.5703,5.4817,5.4564,6.3738,5.8761,5.2867,5.2568,5.8472,8.3564,5.4599,6.569,7.7392,8.5849,6.4266,5.7466,6.3998,5.8562,6.4968,5.6576,6.2626,5.5944,8.1101,5.3684,5.9172,6.4841,5.2846,5.3425,5.3647,5.3251,5.9223,6.9852,6.4126,5.3464,5.2501,5.5068,5.632,5.9271,6.0442,5.178,5.3249,9.4894,5.7648,6.3115,5.44,5.1207,5.1232,6.6624,5.6016,5.338,7.5288,5.5462,6.3909,5.3335,5.4196,5.5321,5.2358,5.7457,6.1947,6.5861,5.2146,6.5034,6.4297,5.1277,5.3219,5.9994,5.4093,4.9598,6.0589,5.5371,5.9867,5.2358,5.2587,6.38,5.2264,5.7125,5.409,5.6246
Infraestrutura,Transporte Interurbano,Número de Decolagens por Ano,ANAC,Decolagens por ano,2021.0,0.0,0.0,0.0,0.0,0.0,0.0,0.0,0.0,0.0,0.0,36387.0,42453.0,38790.0,20480.0,13382.0,30048.0,10526.0,13739.0,30800.0,7909.0,11119.0,18869.0,83133.0,49496.0,4045.0,42453.0,6969.0,42453.0,3959.0,4193.0,3036.0,36387.0,4193.0,42453.0,11.0,36387.0,3320.0,30800.0,3771.0,36387.0,49496.0,30048.0,3461.0,20480.0,8574.0,1092.0,7909.0,2500.0,42453.0,2385.0,11119.0,9029.0,426.0,1724.0,42453.0,8633.0,42453.0,261.0,9029.0,36387.0,42453.0,2559.0,83133.0,30048.0,1259.0,2267.0,36387.0,36387.0,367.0,1319.0,1153.0,873.0,49496.0,36387.0,7909.0,30800.0,9029.0,593.0,83133.0,18.0,9029.0,408.0,13382.0,5505.0,1464.0,8.0,3320.0,18869.0,255.0,1491.0,30048.0,430.0,30800.0,18.0,959.0,13739.0,36387.0,11.0,1811.0,49496.0,20480.0,2031.0,42453.0,283.0,83133.0,36387.0,8574.0,49496.0,1048.0,18869.0,266.0
Infraestrutura,Transporte Interurbano,Conectividade Via Rodovias,Google Maps ,Rodovias,2022.0,2.0,2.0,3.0,1.0,2.0,1.0,1.0,2.0,3.0,2.0,16.0,4.0,13.0,5.0,9.0,8.0,4.0,9.0,9.0,11.0,2.0,5.0,6.0,10.0,4.0,5.0,4.0,9.0,6.0,4.0,6.0,8.0,3.0,7.0,7.0,3.0,7.0,9.0,5.0,3.0,7.0,3.0,3.0,5.0,5.0,3.0,3.0,6.0,3.0,3.0,2.0,4.0,3.0,3.0,5.0,7.0,5.0,9.0,6.0,1.0,4.0,5.0,3.0,5.0,3.0,5.0,3.0,2.0,6.0,4.0,4.0,4.0,7.0,2.0,6.0,3.0,1.0,4.0,5.0,2.0,2.0,5.0,4.0,2.0,4.0,5.0,5.0,5.0,3.0,4.0,2.0,3.0,6.0,2.0,5.0,3.0,2.0,4.0,4.0,8.0,3.0,2.0,4.0,5.0,4.0,1.0,4.0,2.0,2.0,4.0,5.0
Infraestrutura,Transporte Interurbano,Distância ao Porto mais Próximo,MINFRA,Km,2022.0,186.0,269.0,290.0,246.0,210.0,263.0,247.0,220.0,309.0,240.0,50.0,24.0,880.0,5.0,10.0,337.0,60.0,60.0,7.0,871.0,23.0,6.0,64.0,142.0,12.0,14.0,12.0,34.0,759.0,7.0,332.0,31.0,22.0,42.0,104.0,30.0,344.0,18.0,588.0,70.0,130.0,340.0,216.0,91.0,1142.0,31.0,853.0,325.0,131.0,54.0,18.0,18.0,100.0,87.0,7.0,70.0,30.0,150.0,20.0,36.0,24.0,472.0,45.0,334.0,698.0,402.0,10.0,44.0,106.0,504.0,539.0,128.0,205.0,72.0,889.0,7.0,18.0,347.0,56.0,20.0,118.0,120.0,38.0,46.0,480.0,144.0,395.0,17.0,19.0,205.0,351.0,517.0,14.0,24.0,474.0,47.0,6.0,119.0,944.0,187.0,38.0,80.0,54.0,33.0,39.0,63.0,1122.0,159.0,476.0,32.0,184.0
Infraestrutura,Transporte Interurbano,Índice de Transporte Urbano,,,,0.0,0.0,0.0,0.0,0.0,0.0,0.0,0.0,0.0,0.0,8.6528,6.5881,7.8509,8.2534,7.6379,5.8648,5.4715,6.59,8.6176,6.6625,5.4112,7.7903,7.6918,7.5711,6.1547,7.1732,6.2279,7.4708,5.5276,6.9132,5.526,7.1473,5.4704,6.9845,5.7416,6.1229,5.7394,7.5105,5.3202,5.8813,6.9565,4.8264,4.9343,5.8564,5.43,5.2254,5.0019,5.5134,5.9489,5.0835,5.5643,5.9272,4.9264,4.9779,8.079,6.0168,6.69,6.1257,6.272,5.6372,6.5881,5.2951,7.1527,5.2423,4.8386,5.2925,6.9684,5.7808,5.5406,5.0547,5.049,5.1175,6.9208,5.6687,5.6241,7.3719,5.3044,5.0479,7.5125,5.2159,4.9149,5.3201,5.6654,4.9949,5.0596,5.2924,5.3194,6.4227,5.4628,5.0958,4.6177,4.8242,7.0889,5.1102,5.2549,5.4028,7.6062,5.1034,5.0553,7.1343,5.6356,4.7907,6.2946,5.5955,7.4036,5.4863,5.2226,5.9006,4.6342,5.8654,5.2797
Ambiente Regulatório,Tributação,Qualidade de Gestão Fiscal,FIRJAN,Índice,2021.0,0.88,0.56,0.6,76.0,0.85,0.76,7.0,0.92,0.88,0.94,0.82,0.3,0.0,0.94,0.81,0.76,0.91,0.82,0.72,0.83,0.0,0.74,0.59,0.7,0.79,0.65,0.65,0.52,0.58,0.53,0.63,0.88,0.75,0.79,0.79,0.75,0.76,0.66,0.81,0.75,0.7,0.87,0.79,0.82,0.52,0.67,0.87,0.76,0.78,0.54,0.87,0.92,0.87,0.39,0.94,0.73,0.67,0.25,0.89,0.65,0.0,0.93,0.76,0.86,0.87,0.84,0.75,0.63,0.74,0.83,0.82,0.57,0.66,0.0,0.72,0.59,0.94,0.8,0.53,0.44,0.88,0.71,0.88,0.8,0.75,0.62,0.73,0.59,0.69,0.77,0.78,0.81,0.75,0.93,0.75,0.7,0.76,0.63,0.74,0.75,0.98,0.59,0.67,0.71,0.79,0.66,0.95,0.61,0.84,0.85,0.78
Ambiente Regulatório,Tributação,Alíquota Interna do ICMS,SICONFI e IBGE,% do PIB estadual,inf,10.14,10.14,10.14,1014.0,10.14,10.14,1014.0,10.14,10.14,10.14,0.0802,0.068,0.0443,0.10640000000000001,0.0993,0.1042,0.1207,0.0843,0.1069,0.1148,0.095,0.0986,0.0802,0.0802,0.10210000000000001,0.068,0.09880000000000001,0.068,0.11900000000000001,0.09570000000000001,0.10800000000000001,0.0802,0.1103,0.068,0.0802,0.0802,0.0802,0.1069,0.1042,0.0802,0.0802,0.1042,0.095,0.10640000000000001,0.1959,0.08990000000000001,0.1148,0.0843,0.1042,0.1394,0.095,0.1121,0.0986,0.0732,0.068,0.08990000000000001,0.068,0.068,0.1121,0.0802,0.068,0.0802,0.0802,0.1042,0.10980000000000001,0.0843,0.0802,0.0802,0.0802,0.10869999999999999,0.1042,0.1103,0.0802,0.0802,0.1148,0.1069,0.1121,0.0802,0.0802,0.0802,0.1121,0.1069,0.0993,0.08990000000000001,0.1069,0.0843,0.0802,0.0986,0.0986,0.10640000000000001,0.1042,0.1042,0.1069,0.0802,0.0843,0.0843,0.0802,0.0802,0.1568,0.0802,0.10640000000000001,0.095,0.068,0.09570000000000001,0.0802,0.0802,0.1959,0.0802,0.095,0.0986,0.0986
Ambiente Regulatório,Tributação,Alíquota Interna do IPTU,SICONFI e IBGE,% do PIB estadual,inf,0.0,0.0,2.92,0.0,0.0,0.0,2.0,0.0,0.0,0.0,0.0175,0.0116,0.0046,0.0137,0.0101,0.0169,0.0038,0.0111,0.0104,0.0159,0.0068000000000000005,0.011000000000000001,0.009899999999999999,0.016200000000000003,0.0034999999999999996,0.0044,0.0075,0.0028000000000000004,0.0181,0.009899999999999999,0.0051,0.0098,0.005699999999999999,0.005600000000000001,0.0070999999999999995,0.011399999999999999,0.012199999999999999,0.0091,0.003,0.004699999999999999,0.0059,0.014499999999999999,0.0151,0.006999999999999999,0.0111,0.0060999999999999995,0.0113,0.019299999999999998,0.0111,0.0021,0.0027,0.0033,0.0058,0.0012,0.0102,0.018500000000000003,0.0031,0.0037,0.008,0.0067,0.0044,0.013999999999999999,0.0144,0.0032,0.0042,0.0152,0.022799999999999997,0.0129,0.0044,0.0049,0.0046,0.0039000000000000003,0.0058,0.012199999999999999,0.0076,0.0062,0.0021,0.0105,0.0083,0.0379,0.0044,0.006999999999999999,0.0022,0.0079,0.0039000000000000003,0.0053,0.0121,0.0053,0.013300000000000001,0.0063,0.006999999999999999,0.0045000000000000005,0.0079,0.0629,0.0069,0.0026,0.057800000000000004,0.0069,0.0076,0.0089,0.0066,0.0008,0.0092,0.0051,0.0109,0.0109,0.0063,0.006,0.001,0.0036,0.006999999999999999
Ambiente Regulatório,Tributação,Alíquota Interna do ISS,SICONFI e IBGE,% do PIB estadual,inf,0.0,0.0,0.39,70.0,0.0,0.0,206.0,3.82,0.52,5.43,0.030699999999999998,0.0189,0.008100000000000001,0.0206,0.015300000000000001,0.0197,0.0102,0.0182,0.0183,0.0165,0.0155,0.014499999999999999,0.0092,0.0217,0.021099999999999997,0.005699999999999999,0.0139,0.0083,0.0144,0.0166,0.0138,0.0116,0.013999999999999999,0.0075,0.0088,0.0177,0.0108,0.0085,0.0095,0.0144,0.013600000000000001,0.0070999999999999995,0.0191,0.0086,0.0171,0.0091,0.0075,0.013999999999999999,0.0109,0.0089,0.0089,0.009000000000000001,0.0083,0.0062,0.0078000000000000005,0.0189,0.0046,0.0036,0.018000000000000002,0.0074,0.0049,0.0141,0.0116,0.0046,0.0092,0.0163,0.037000000000000005,0.0070999999999999995,0.0073,0.0101,0.0101,0.008199999999999999,0.008100000000000001,0.0,0.0070999999999999995,0.0125,0.009300000000000001,0.0096,0.008199999999999999,0.0089,0.024700000000000003,0.0096,0.0088,0.0129,0.010700000000000001,0.0088,0.01,0.0054,0.0085,0.0113,0.005699999999999999,0.0073,0.0078000000000000005,0.0096,0.011899999999999999,0.006,0.0232,0.0064,0.0166,0.0089,0.006,0.0109,0.0073,0.0125,0.0064,0.01,0.0079,0.0059,0.013500000000000002,0.0049,0.009899999999999999
Ambiente Regulatório,Tributação,Índice de Tributação,,,,0.0,0.0,0.0,0.0,0.0,0.0,0.0,0.0,0.0,0.0,5.4404,4.8742,7.0036,5.2996,5.3731,4.8377,6.0903,5.6485,4.8474,4.9578,3.4401,5.2093,5.8087,5.2933,5.6109,7.6041,5.1343,7.0141,4.3106,4.6645,5.0827,6.3303,5.2831,7.356,6.5251,5.6143,6.0243,5.4217,6.4122,6.1123,5.905,6.1912,5.1792,5.9523,3.383,5.9295,5.9648,5.5636,5.4599,5.6447,6.9478,6.511,6.3689,8.3842,7.4547,5.1096,8.4015,7.8259,5.2889,6.411,6.2046,6.2095,5.915,7.7607,6.2031,5.6984,5.1475,6.2114,6.9123,5.9234,6.0304,5.6023,6.3823,2.9542,5.7673,4.9692,7.0401,6.3072,5.849,5.2503,5.4012,5.4988,7.177,5.8044,5.811,6.069,6.0406,6.4348,5.5852,5.5462,6.5441,6.4401,5.8257,6.4219,5.9464,7.443,5.2796,6.5776,4.387,6.3316,6.9494,8.5098,6.8848,5.622,6.8493,5.8667,5.501,6.7377,8.2524,7.5926,5.8299
Fator 1,,,,,,0.0,0.0,0.0,0.0,0.0,0.0,0.0,0.0,0.0,0.0,3.022,0.5776,1.243,0.0133,-0.4105,1.7234,-0.7275,1.8936,1.1752,-0.2416,0.1374,2.2829,0.0977,1.7,-0.1804,-1.6419,-0.5797,-0.606,0.0916,0.5804,0.0663,1.1156,0.201,-0.9734,1.0808,0.84,0.6007,-1.6671,0.2068,1.5302,1.1769,-0.9209,-0.5682,-0.7532,0.271,0.9793,-1.4967,0.2,0.6461,-0.3237,-1.253,-0.4475,0.8224,-1.0979,1.0075,2.4393,-1.8584,-0.5058,0.3241,-0.5237,-1.1226,0.625,0.265,-0.692,-0.6247,0.4299,0.5964,0.2584,1.0188,-0.838,-0.4133,0.6824,1.1092,-0.4128,-1.0067,-0.515,-1.2061,0.783,-0.3197,-0.8999,1.3849,-0.7918,-2.0474,0.788,-0.847,0.3038,0.2213,-0.0117,0.4485,-1.0107,-1.7366,-0.3098,-1.2353,-0.8907,0.1143,-0.2191,-0.1929,0.4487,0.1834,1.7386,-0.4991,-1.4472,-0.5728,-0.1556,0.0137,-0.0773,-0.7675,-0.905,-1.4311,-0.5594,1.0767
Fator 2,,,,,,0.0,0.0,0.0,0.0,0.0,0.0,0.0,0.0,0.0,0.0,2.4354,1.9608,1.0388,0.0931,0.5556,-0.5281,0.8843,0.8506,-1.3915,2.034,-1.7198,-0.6058,-0.234,-0.4693,-0.1347,1.4269,-1.0763,0.2614,-0.9258,-1.4677,-1.2136,0.5629,-1.0778,0.4538,0.0391,0.2737,-0.0945,0.4097,-0.4896,1.0227,-0.5069,0.8133,0.1613,-0.6648,-0.9266,2.0645,1.48,0.7592,-1.447,0.0267,-0.6687,0.7482,-0.0581,1.2916,2.1742,0.7583,0.723,0.3311,-0.7563,0.5365,-0.9942,-0.5217,0.5049,0.7773,1.2425,0.5019,0.1223,0.1365,0.5827,-1.1504,-1.2925,-2.1321,0.2349,-2.7209,1.0072,-0.7943,0.36,-0.3919,-0.8998,-1.1466,-0.6057,-1.5377,0.6084,1.1845,-1.1737,0.5666,-0.4735,-0.2028,-1.2494,-1.4816,-0.2443,0.0017,0.3772,0.8122,0.6311,1.4718,0.4863,-0.8061,-1.1125,-0.3279,0.0767,0.3744,0.3629,-1.4681,0.5346,-0.6209,-0.2188,0.1022,1.3327,0.5154,-1.0554
Fator 3,,,,,,0.0,0.0,0.0,0.0,0.0,0.0,0.0,0.0,0.0,0.0,-0.8279,0.4559,1.1169,-0.0192,0.1252,0.1672,0.9823,0.3307,0.1851,0.6081,1.245,0.2019,-3.015,-0.3988,1.1594,-0.3182,1.506,-0.3783,0.5186,0.8901,1.3531,-0.2293,1.0466,0.1474,0.2437,0.1324,0.0956,-0.3479,-0.2798,-0.3025,-0.2883,0.0101,1.4542,0.5507,0.9607,0.4067,0.4867,0.1174,-0.3843,0.9653,1.3811,0.4948,0.4468,2.3934,-0.0163,0.9786,-0.908,-2.0236,1.2636,-1.2224,-0.284,-1.9308,-0.3588,-0.5329,2.4689,0.3056,-0.7841,0.0021,0.4518,1.3888,-0.1412,0.9627,-0.4456,-2.5413,0.1896,-0.351,-2.2079,-0.3817,-1.7146,-1.1516,-1.5152,0.7258,-0.8436,0.0794,0.8448,-0.8915,0.0964,-0.3343,-0.0732,0.0017,-0.9129,-0.8432,-0.3283,-0.0387,0.071,-0.4023,-1.338,-0.2486,2.3924,-1.1343,-0.2011,1.4473,-0.2606,0.7479,-0.8682,-1.6015,-0.1819,-1.5622,0.5863,-0.2652,0.4463
ICE 2023,,,,,,0.0,0.0,0.0,0.0,0.0,0.0,0.0,0.0,0.0,0.0,8.6728,7.7287,7.9622,6.0504,6.1561,6.7867,6.6577,7.7753,5.9819,7.3859,5.8052,7.0848,4.1806,6.4803,6.4874,5.6922,5.9134,5.5827,5.8177,6.0016,6.1188,6.8367,6.098,5.7851,6.7873,6.7195,6.3475,5.0732,5.6752,7.2993,6.2203,5.9437,6.6046,5.4993,6.1761,7.9922,6.2714,6.6216,5.3157,6.3858,5.6879,6.4593,6.6992,7.4937,7.8276,8.4111,4.8202,4.7308,6.48,5.3017,4.6139,4.9449,6.2373,5.7416,7.7821,6.7144,5.9622,6.2292,7.1855,5.6538,4.9337,5.7188,6.5187,2.7236,6.1098,5.0414,4.2368,6.0055,4.306,4.1536,5.575,5.0741,4.6821,7.1847,5.3211,5.9878,5.91,5.6831,5.4953,4.562,4.3292,5.3353,5.315,5.9323,6.4714,6.4909,5.3969,5.6502,6.8449,6.1596,5.64,6.2162,5.7284,5.4944,5.8153,4.6723,5.3255,4.6345,6.2817,5.8215,6.2699
,,,,,,,,,,,,,,,,,,,,,,,,,,,,,,,,,,,,,,,,,,,,,,,,,,,,,,,,,,,,,,,,,,,,,,,,,,,,,,,,,,,,,,,,,,,,,,,,,,,,,,,,,,,,,,,,,,,,
,,,,,,,,,,,,,,,,,,,,,,,,,,,,,,,,,,,,,,,,,,,,,,,,,,,,,,,,,,,,,,,,,,,,,,,,,,,,,,,,,,,,,,,,,,,,,,,,,,,,,,,,,,,,,,,,,,,,
,,,,,,,,,,,,,,,,,,,,,,,,,,,,,,,,,,,,,,,,,,,,,,,,,,,,,,,,,,,,,,,,,,,,,,,,,,,,,,,,,,,,,,,,,,,,,,,,,,,,,,,,,,,,,,,,,,,,
,,,,,,,,,,,,,,,,,,,,,,,,,,,,,,,,,,,,,,,,,,,,,,,,,,,,,,,,,,,,,,,,,,,,,,,,,,,,,,,,,,,,,,,,,,,,,,,,,,,,,,,,,,,,,,,,,,,,
,,,,,,,,,,,,,,,,,,,,,,,,,,,,,,,,,,,,,,,,,,,,,,,,,,,,,,,,,,,,,,,,,,,,,,,,,,,,,,,,,,,,,,,,,,,,,,,,,,,,,,,,,,,,,,,,,,,,
,,,,,,,,,,,,,,,,,,,,,,,,,,,,,,,,,,,,,,,,,,,,,,,,,,,,,,,,,,,,,,,,,,,,,,,,,,,,,,,,,,,,,,,,,,,,,,,,,,,,,,,,,,,,,,,,,,,,
,,,,,,,,,,,,,,,,,,,,,,,,,,,,,,,,,,,,,,,,,,,,,,,,,,,,,,,,,,,,,,,,,,,,,,,,,,,,,,,,,,,,,,,,,,,,,,,,,,,,,,,,,,,,,,,,,,,,
,,,,,,,,,,,,,,,,,,,,,,,,,,,,,,,,,,,,,,,,,,,,,,,,,,,,,,,,,,,,,,,,,,,,,,,,,,,,,,,,,,,,,,,,,,,,,,,,,,,,,,,,,,,,,,,,,,,,
,,,,,,,,,,,,,,,,,,,,,,,,,,,,,,,,,,,,,,,,,,,,,,,,,,,,,,,,,,,,,,,,,,,,,,,,,,,,,,,,,,,,,,,,,,,,,,,,,,,,,,,,,,,,,,,,,,,,
,,,,,,,,,,,,,,,,,,,,,,,,,,,,,,,,,,,,,,,,,,,,,,,,,,,,,,,,,,,,,,,,,,,,,,,,,,,,,,,,,,,,,,,,,,,,,,,,,,,,,,,,,,,,,,,,,,,,
,,,,,,,,,,,,,,,,,,,,,,,,,,,,,,,,,,,,,,,,,,,,,,,,,,,,,,,,,,,,,,,,,,,,,,,,,,,,,,,,,,,,,,,,,,,,,,,,,,,,,,,,,,,,,,,,,,,,
,,,,,,,,,,,,,,,,,,,,,,,,,,,,,,,,,,,,,,,,,,,,,,,,,,,,,,,,,,,,,,,,,,,,,,,,,,,,,,,,,,,,,,,,,,,,,,,,,,,,,,,,,,,,,,,,,,,,
,,,,,,,,,,,,,,,,,,,,,,,,,,,,,,,,,,,,,,,,,,,,,,,,,,,,,,,,,,,,,,,,,,,,,,,,,,,,,,,,,,,,,,,,,,,,,,,,,,,,,,,,,,,,,,,,,,,,
,,,,,,,,,,,,,,,,,,,,,,,,,,,,,,,,,,,,,,,,,,,,,,,,,,,,,,,,,,,,,,,,,,,,,,,,,,,,,,,,,,,,,,,,,,,,,,,,,,,,,,,,,,,,,,,,,,,,
,,,,,,,,,,,,,,,,,,,,,,,,,,,,,,,,,,,,,,,,,,,,,,,,,,,,,,,,,,,,,,,,,,,,,,,,,,,,,,,,,,,,,,,,,,,,,,,,,,,,,,,,,,,,,,,,,,,,
,,,,,,,,,,,,,,,,,,,,,,,,,,,,,,,,,,,,,,,,,,,,,,,,,,,,,,,,,,,,,,,,,,,,,,,,,,,,,,,,,,,,,,,,,,,,,,,,,,,,,,,,,,,,,,,,,,,,
,,,,,,,,,,,,,,,,,,,,,,,,,,,,,,,,,,,,,,,,,,,,,,,,,,,,,,,,,,,,,,,,,,,,,,,,,,,,,,,,,,,,,,,,,,,,,,,,,,,,,,,,,,,,,,,,,,,,
,,,,,,,,,,,,,,,,,,,,,,,,,,,,,,,,,,,,,,,,,,,,,,,,,,,,,,,,,,,,,,,,,,,,,,,,,,,,,,,,,,,,,,,,,,,,,,,,,,,,,,,,,,,,,,,,,,,,
,,,,,,,,,,,,,,,,,,,,,,,,,,,,,,,,,,,,,,,,,,,,,,,,,,,,,,,,,,,,,,,,,,,,,,,,,,,,,,,,,,,,,,,,,,,,,,,,,,,,,,,,,,,,,,,,,,,,
,,,,,,,,,,,,,,,,,,,,,,,,,,,,,,,,,,,,,,,,,,,,,,,,,,,,,,,,,,,,,,,,,,,,,,,,,,,,,,,,,,,,,,,,,,,,,,,,,,,,,,,,,,,,,,,,,,,,
,,,,,,,,,,,,,,,,,,,,,,,,,,,,,,,,,,,,,,,,,,,,,,,,,,,,,,,,,,,,,,,,,,,,,,,,,,,,,,,,,,,,,,,,,,,,,,,,,,,,,,,,,,,,,,,,,,,,
,,,,,,,,,,,,,,,,,,,,,,,,,,,,,,,,,,,,,,,,,,,,,,,,,,,,,,,,,,,,,,,,,,,,,,,,,,,,,,,,,,,,,,,,,,,,,,,,,,,,,,,,,,,,,,,,,,,,
,,,,,,,,,,,,,,,,,,,,,,,,,,,,,,,,,,,,,,,,,,,,,,,,,,,,,,,,,,,,,,,,,,,,,,,,,,,,,,,,,,,,,,,,,,,,,,,,,,,,,,,,,,,,,,,,,,,,
,,,,,,,,,,,,,,,,,,,,,,,,,,,,,,,,,,,,,,,,,,,,,,,,,,,,,,,,,,,,,,,,,,,,,,,,,,,,,,,,,,,,,,,,,,,,,,,,,,,,,,,,,,,,,,,,,,,,
,,,,,,,,,,,,,,,,,,,,,,,,,,,,,,,,,,,,,,,,,,,,,,,,,,,,,,,,,,,,,,,,,,,,,,,,,,,,,,,,,,,,,,,,,,,,,,,,,,,,,,,,,,,,,,,,,,,,
,,,,,,,,,,,,,,,,,,,,,,,,,,,,,,,,,,,,,,,,,,,,,,,,,,,,,,,,,,,,,,,,,,,,,,,,,,,,,,,,,,,,,,,,,,,,,,,,,,,,,,,,,,,,,,,,,,,,
,,,,,,,,,,,,,,,,,,,,,,,,,,,,,,,,,,,,,,,,,,,,,,,,,,,,,,,,,,,,,,,,,,,,,,,,,,,,,,,,,,,,,,,,,,,,,,,,,,,,,,,,,,,,,,,,,,,,
,,,,,,,,,,,,,,,,,,,,,,,,,,,,,,,,,,,,,,,,,,,,,,,,,,,,,,,,,,,,,,,,,,,,,,,,,,,,,,,,,,,,,,,,,,,,,,,,,,,,,,,,,,,,,,,,,,,,
,,,,,,,,,,,,,,,,,,,,,,,,,,,,,,,,,,,,,,,,,,,,,,,,,,,,,,,,,,,,,,,,,,,,,,,,,,,,,,,,,,,,,,,,,,,,,,,,,,,,,,,,,,,,,,,,,,,,
,,,,,,,,,,,,,,,,,,,,,,,,,,,,,,,,,,,,,,,,,,,,,,,,,,,,,,,,,,,,,,,,,,,,,,,,,,,,,,,,,,,,,,,,,,,,,,,,,,,,,,,,,,,,,,,,,,,,
,,,,,,,,,,,,,,,,,,,,,,,,,,,,,,,,,,,,,,,,,,,,,,,,,,,,,,,,,,,,,,,,,,,,,,,,,,,,,,,,,,,,,,,,,,,,,,,,,,,,,,,,,,,,,,,,,,,,
,,,,,,,,,49.0,,,,,,,,,,,,,,,,,,,,,,,,,,,,,,,,,,,,,,,,,,,,,,,,,,,,,,,,,,,,,,,,,,,,,,,,,,,,,,,,,,,,,,,,,,,,,,,,,,,,,,,,,,,
,,,,,,,,,5568.0,,,,,,,,,,,,,,,,,,,,,,,,,,,,,,,,,,,,,,,,,,,,,,,,,,,,,,,,,,,,,,,,,,,,,,,,,,,,,,,,,,,,,,,,,,,,,,,,,,,,,,,,,,,
,,,,,,,,,57178.0,,,,,,,,,,,,,,,,,,,,,,,,,,,,,,,,,,,,,,,,,,,,,,,,,,,,,,,,,,,,,,,,,,,,,,,,,,,,,,,,,,,,,,,,,,,,,,,,,,,,,,,,,,,
,,,,,,,,,7640.0,,,,,,,,,,,,,,,,,,,,,,,,,,,,,,,,,,,,,,,,,,,,,,,,,,,,,,,,,,,,,,,,,,,,,,,,,,,,,,,,,,,,,,,,,,,,,,,,,,,,,,,,,,,
,,,,,,,,,112.0,,,,,,,,,,,,,,,,,,,,,,,,,,,,,,,,,,,,,,,,,,,,,,,,,,,,,,,,,,,,,,,,,,,,,,,,,,,,,,,,,,,,,,,,,,,,,,,,,,,,,,,,,,,
,,,,,,,,,66569.0,,,,,,,,,,,,,,,,,,,,,,,,,,,,,,,,,,,,,,,,,,,,,,,,,,,,,,,,,,,,,,,,,,,,,,,,,,,,,,,,,,,,,,,,,,,,,,,,,,,,,,,,,,,
,,,,,,,,,3587.0,,,,,,,,,,,,,,,,,,,,,,,,,,,,,,,,,,,,,,,,,,,,,,,,,,,,,,,,,,,,,,,,,,,,,,,,,,,,,,,,,,,,,,,,,,,,,,,,,,,,,,,,,,,
,,,,,,,,,2925.0,,,,,,,,,,,,,,,,,,,,,,,,,,,,,,,,,,,,,,,,,,,,,,,,,,,,,,,,,,,,,,,,,,,,,,,,,,,,,,,,,,,,,,,,,,,,,,,,,,,,,,,,,,,
,,,,,,,,,853563.0,,,,,,,,,,,,,,,,,,,,,,,,,,,,,,,,,,,,,,,,,,,,,,,,,,,,,,,,,,,,,,,,,,,,,,,,,,,,,,,,,,,,,,,,,,,,,,,,,,,,,,,,,,,
